algoritmo,probabilidad,caracteres_mensaje,bits_datos,bits_trama,overhead_bits,overhead_pct,bits_alterados,bloques_corregidos,exito_reportado,mensaje_correcto
HAMMING,0.001,4,32,56,24,75.0,0,0,1,1
HAMMING,0.001,4,32,56,24,75.0,0,0,1,1
HAMMING,0.001,4,32,56,24,75.0,1,1,1,1
HAMMING,0.001,4,32,56,24,75.0,0,0,1,1
HAMMING,0.001,4,32,56,24,75.0,0,0,1,1
HAMMING,0.001,4,32,56,24,75.0,0,0,1,1
HAMMING,0.001,4,32,56,24,75.0,1,1,1,1
HAMMING,0.001,4,32,56,24,75.0,0,0,1,1
HAMMING,0.001,4,32,56,24,75.0,0,0,1,1
HAMMING,0.001,4,32,56,24,75.0,0,0,1,1
HAMMING,0.001,4,32,56,24,75.0,0,0,1,1
HAMMING,0.001,4,32,56,24,75.0,0,0,1,1
HAMMING,0.001,4,32,56,24,75.0,0,0,1,1
HAMMING,0.001,4,32,56,24,75.0,0,0,1,1
HAMMING,0.001,4,32,56,24,75.0,0,0,1,1
HAMMING,0.001,4,32,56,24,75.0,0,0,1,1
HAMMING,0.001,4,32,56,24,75.0,0,0,1,1
HAMMING,0.001,4,32,56,24,75.0,0,0,1,1
HAMMING,0.001,4,32,56,24,75.0,0,0,1,1
HAMMING,0.001,4,32,56,24,75.0,0,0,1,1
HAMMING,0.001,4,32,56,24,75.0,0,0,1,1
HAMMING,0.001,4,32,56,24,75.0,0,0,1,1
HAMMING,0.001,4,32,56,24,75.0,0,0,1,1
HAMMING,0.001,4,32,56,24,75.0,0,0,1,1
HAMMING,0.001,4,32,56,24,75.0,0,0,1,1
HAMMING,0.001,4,32,56,24,75.0,0,0,1,1
HAMMING,0.001,4,32,56,24,75.0,0,0,1,1
HAMMING,0.001,4,32,56,24,75.0,0,0,1,1
HAMMING,0.001,4,32,56,24,75.0,0,0,1,1
HAMMING,0.001,4,32,56,24,75.0,0,0,1,1
HAMMING,0.001,4,32,56,24,75.0,0,0,1,1
HAMMING,0.001,4,32,56,24,75.0,0,0,1,1
HAMMING,0.001,4,32,56,24,75.0,0,0,1,1
HAMMING,0.001,4,32,56,24,75.0,0,0,1,1
HAMMING,0.001,4,32,56,24,75.0,0,0,1,1
HAMMING,0.001,4,32,56,24,75.0,0,0,1,1
HAMMING,0.001,4,32,56,24,75.0,0,0,1,1
HAMMING,0.001,4,32,56,24,75.0,0,0,1,1
HAMMING,0.001,4,32,56,24,75.0,0,0,1,1
HAMMING,0.001,4,32,56,24,75.0,0,0,1,1
HAMMING,0.001,8,64,112,48,75.0,0,0,1,1
HAMMING,0.001,8,64,112,48,75.0,1,1,1,1
HAMMING,0.001,8,64,112,48,75.0,0,0,1,1
HAMMING,0.001,8,64,112,48,75.0,0,0,1,1
HAMMING,0.001,8,64,112,48,75.0,0,0,1,1
HAMMING,0.001,8,64,112,48,75.0,0,0,1,1
HAMMING,0.001,8,64,112,48,75.0,0,0,1,1
HAMMING,0.001,8,64,112,48,75.0,0,0,1,1
HAMMING,0.001,8,64,112,48,75.0,0,0,1,1
HAMMING,0.001,8,64,112,48,75.0,0,0,1,1
HAMMING,0.001,8,64,112,48,75.0,1,1,1,1
HAMMING,0.001,8,64,112,48,75.0,0,0,1,1
HAMMING,0.001,8,64,112,48,75.0,0,0,1,1
HAMMING,0.001,8,64,112,48,75.0,0,0,1,1
HAMMING,0.001,8,64,112,48,75.0,0,0,1,1
HAMMING,0.001,8,64,112,48,75.0,1,1,1,1
HAMMING,0.001,8,64,112,48,75.0,0,0,1,1
HAMMING,0.001,8,64,112,48,75.0,1,1,1,1
HAMMING,0.001,8,64,112,48,75.0,1,1,1,1
HAMMING,0.001,8,64,112,48,75.0,0,0,1,1
HAMMING,0.001,8,64,112,48,75.0,0,0,1,1
HAMMING,0.001,8,64,112,48,75.0,0,0,1,1
HAMMING,0.001,8,64,112,48,75.0,0,0,1,1
HAMMING,0.001,8,64,112,48,75.0,0,0,1,1
HAMMING,0.001,8,64,112,48,75.0,0,0,1,1
HAMMING,0.001,8,64,112,48,75.0,1,1,1,1
HAMMING,0.001,8,64,112,48,75.0,0,0,1,1
HAMMING,0.001,8,64,112,48,75.0,0,0,1,1
HAMMING,0.001,8,64,112,48,75.0,0,0,1,1
HAMMING,0.001,8,64,112,48,75.0,0,0,1,1
HAMMING,0.001,8,64,112,48,75.0,0,0,1,1
HAMMING,0.001,8,64,112,48,75.0,0,0,1,1
HAMMING,0.001,8,64,112,48,75.0,0,0,1,1
HAMMING,0.001,8,64,112,48,75.0,0,0,1,1
HAMMING,0.001,8,64,112,48,75.0,0,0,1,1
HAMMING,0.001,8,64,112,48,75.0,0,0,1,1
HAMMING,0.001,8,64,112,48,75.0,0,0,1,1
HAMMING,0.001,8,64,112,48,75.0,0,0,1,1
HAMMING,0.001,8,64,112,48,75.0,0,0,1,1
HAMMING,0.001,8,64,112,48,75.0,0,0,1,1
HAMMING,0.001,16,128,224,96,75.0,1,1,1,1
HAMMING,0.001,16,128,224,96,75.0,0,0,1,1
HAMMING,0.001,16,128,224,96,75.0,0,0,1,1
HAMMING,0.001,16,128,224,96,75.0,0,0,1,1
HAMMING,0.001,16,128,224,96,75.0,0,0,1,1
HAMMING,0.001,16,128,224,96,75.0,1,1,1,1
HAMMING,0.001,16,128,224,96,75.0,0,0,1,1
HAMMING,0.001,16,128,224,96,75.0,0,0,1,1
HAMMING,0.001,16,128,224,96,75.0,0,0,1,1
HAMMING,0.001,16,128,224,96,75.0,0,0,1,1
HAMMING,0.001,16,128,224,96,75.0,0,0,1,1
HAMMING,0.001,16,128,224,96,75.0,1,1,1,1
HAMMING,0.001,16,128,224,96,75.0,1,1,1,1
HAMMING,0.001,16,128,224,96,75.0,0,0,1,1
HAMMING,0.001,16,128,224,96,75.0,0,0,1,1
HAMMING,0.001,16,128,224,96,75.0,0,0,1,1
HAMMING,0.001,16,128,224,96,75.0,1,1,1,1
HAMMING,0.001,16,128,224,96,75.0,0,0,1,1
HAMMING,0.001,16,128,224,96,75.0,0,0,1,1
HAMMING,0.001,16,128,224,96,75.0,0,0,1,1
HAMMING,0.001,16,128,224,96,75.0,1,1,1,1
HAMMING,0.001,16,128,224,96,75.0,0,0,1,1
HAMMING,0.001,16,128,224,96,75.0,0,0,1,1
HAMMING,0.001,16,128,224,96,75.0,0,0,1,1
HAMMING,0.001,16,128,224,96,75.0,0,0,1,1
HAMMING,0.001,16,128,224,96,75.0,0,0,1,1
HAMMING,0.001,16,128,224,96,75.0,0,0,1,1
HAMMING,0.001,16,128,224,96,75.0,0,0,1,1
HAMMING,0.001,16,128,224,96,75.0,0,0,1,1
HAMMING,0.001,16,128,224,96,75.0,1,1,1,1
HAMMING,0.001,16,128,224,96,75.0,0,0,1,1
HAMMING,0.001,16,128,224,96,75.0,0,0,1,1
HAMMING,0.001,16,128,224,96,75.0,1,1,1,1
HAMMING,0.001,16,128,224,96,75.0,0,0,1,1
HAMMING,0.001,16,128,224,96,75.0,1,1,1,1
HAMMING,0.001,16,128,224,96,75.0,0,0,1,1
HAMMING,0.001,16,128,224,96,75.0,1,1,1,1
HAMMING,0.001,16,128,224,96,75.0,0,0,1,1
HAMMING,0.001,16,128,224,96,75.0,0,0,1,1
HAMMING,0.001,16,128,224,96,75.0,2,2,1,1
HAMMING,0.001,32,256,448,192,75.0,0,0,1,1
HAMMING,0.001,32,256,448,192,75.0,1,1,1,1
HAMMING,0.001,32,256,448,192,75.0,0,0,1,1
HAMMING,0.001,32,256,448,192,75.0,1,1,1,1
HAMMING,0.001,32,256,448,192,75.0,1,1,1,1
HAMMING,0.001,32,256,448,192,75.0,0,0,1,1
HAMMING,0.001,32,256,448,192,75.0,0,0,1,1
HAMMING,0.001,32,256,448,192,75.0,0,0,1,1
HAMMING,0.001,32,256,448,192,75.0,2,2,1,1
HAMMING,0.001,32,256,448,192,75.0,0,0,1,1
HAMMING,0.001,32,256,448,192,75.0,0,0,1,1
HAMMING,0.001,32,256,448,192,75.0,0,0,1,1
HAMMING,0.001,32,256,448,192,75.0,0,0,1,1
HAMMING,0.001,32,256,448,192,75.0,0,0,1,1
HAMMING,0.001,32,256,448,192,75.0,2,2,1,1
HAMMING,0.001,32,256,448,192,75.0,0,0,1,1
HAMMING,0.001,32,256,448,192,75.0,0,0,1,1
HAMMING,0.001,32,256,448,192,75.0,1,1,1,1
HAMMING,0.001,32,256,448,192,75.0,2,2,1,1
HAMMING,0.001,32,256,448,192,75.0,0,0,1,1
HAMMING,0.001,32,256,448,192,75.0,0,0,1,1
HAMMING,0.001,32,256,448,192,75.0,1,1,1,1
HAMMING,0.001,32,256,448,192,75.0,1,1,1,1
HAMMING,0.001,32,256,448,192,75.0,0,0,1,1
HAMMING,0.001,32,256,448,192,75.0,1,1,1,1
HAMMING,0.001,32,256,448,192,75.0,0,0,1,1
HAMMING,0.001,32,256,448,192,75.0,0,0,1,1
HAMMING,0.001,32,256,448,192,75.0,0,0,1,1
HAMMING,0.001,32,256,448,192,75.0,0,0,1,1
HAMMING,0.001,32,256,448,192,75.0,2,2,1,1
HAMMING,0.001,32,256,448,192,75.0,0,0,1,1
HAMMING,0.001,32,256,448,192,75.0,0,0,1,1
HAMMING,0.001,32,256,448,192,75.0,0,0,1,1
HAMMING,0.001,32,256,448,192,75.0,1,1,1,1
HAMMING,0.001,32,256,448,192,75.0,0,0,1,1
HAMMING,0.001,32,256,448,192,75.0,0,0,1,1
HAMMING,0.001,32,256,448,192,75.0,0,0,1,1
HAMMING,0.001,32,256,448,192,75.0,0,0,1,1
HAMMING,0.001,32,256,448,192,75.0,1,1,1,1
HAMMING,0.001,32,256,448,192,75.0,0,0,1,1
HAMMING,0.001,64,512,896,384,75.0,1,1,1,1
HAMMING,0.001,64,512,896,384,75.0,2,2,1,1
HAMMING,0.001,64,512,896,384,75.0,0,0,1,1
HAMMING,0.001,64,512,896,384,75.0,1,1,1,1
HAMMING,0.001,64,512,896,384,75.0,0,0,1,1
HAMMING,0.001,64,512,896,384,75.0,1,1,1,1
HAMMING,0.001,64,512,896,384,75.0,1,1,1,1
HAMMING,0.001,64,512,896,384,75.0,1,1,1,1
HAMMING,0.001,64,512,896,384,75.0,3,3,1,1
HAMMING,0.001,64,512,896,384,75.0,1,1,1,1
HAMMING,0.001,64,512,896,384,75.0,1,1,1,1
HAMMING,0.001,64,512,896,384,75.0,1,1,1,1
HAMMING,0.001,64,512,896,384,75.0,1,1,1,1
HAMMING,0.001,64,512,896,384,75.0,0,0,1,1
HAMMING,0.001,64,512,896,384,75.0,1,1,1,1
HAMMING,0.001,64,512,896,384,75.0,1,1,1,1
HAMMING,0.001,64,512,896,384,75.0,1,1,1,1
HAMMING,0.001,64,512,896,384,75.0,0,0,1,1
HAMMING,0.001,64,512,896,384,75.0,0,0,1,1
HAMMING,0.001,64,512,896,384,75.0,0,0,1,1
HAMMING,0.001,64,512,896,384,75.0,0,0,1,1
HAMMING,0.001,64,512,896,384,75.0,1,1,1,1
HAMMING,0.001,64,512,896,384,75.0,1,1,1,1
HAMMING,0.001,64,512,896,384,75.0,1,1,1,1
HAMMING,0.001,64,512,896,384,75.0,0,0,1,1
HAMMING,0.001,64,512,896,384,75.0,2,2,1,1
HAMMING,0.001,64,512,896,384,75.0,2,2,1,1
HAMMING,0.001,64,512,896,384,75.0,1,1,1,1
HAMMING,0.001,64,512,896,384,75.0,3,3,1,1
HAMMING,0.001,64,512,896,384,75.0,1,1,1,1
HAMMING,0.001,64,512,896,384,75.0,0,0,1,1
HAMMING,0.001,64,512,896,384,75.0,1,1,1,1
HAMMING,0.001,64,512,896,384,75.0,0,0,1,1
HAMMING,0.001,64,512,896,384,75.0,0,0,1,1
HAMMING,0.001,64,512,896,384,75.0,0,0,1,1
HAMMING,0.001,64,512,896,384,75.0,0,0,1,1
HAMMING,0.001,64,512,896,384,75.0,1,1,1,1
HAMMING,0.001,64,512,896,384,75.0,1,1,1,1
HAMMING,0.001,64,512,896,384,75.0,3,3,1,1
HAMMING,0.001,64,512,896,384,75.0,0,0,1,1
HAMMING,0.001,128,1024,1792,768,75.0,1,1,1,1
HAMMING,0.001,128,1024,1792,768,75.0,1,1,1,1
HAMMING,0.001,128,1024,1792,768,75.0,2,2,1,1
HAMMING,0.001,128,1024,1792,768,75.0,4,4,1,1
HAMMING,0.001,128,1024,1792,768,75.0,4,4,1,1
HAMMING,0.001,128,1024,1792,768,75.0,0,0,1,1
HAMMING,0.001,128,1024,1792,768,75.0,1,1,1,1
HAMMING,0.001,128,1024,1792,768,75.0,2,2,1,1
HAMMING,0.001,128,1024,1792,768,75.0,2,2,1,1
HAMMING,0.001,128,1024,1792,768,75.0,3,3,1,1
HAMMING,0.001,128,1024,1792,768,75.0,1,1,1,1
HAMMING,0.001,128,1024,1792,768,75.0,1,1,1,1
HAMMING,0.001,128,1024,1792,768,75.0,0,0,1,1
HAMMING,0.001,128,1024,1792,768,75.0,5,5,1,1
HAMMING,0.001,128,1024,1792,768,75.0,0,0,1,1
HAMMING,0.001,128,1024,1792,768,75.0,2,2,1,1
HAMMING,0.001,128,1024,1792,768,75.0,2,2,1,1
HAMMING,0.001,128,1024,1792,768,75.0,3,3,1,1
HAMMING,0.001,128,1024,1792,768,75.0,4,4,1,1
HAMMING,0.001,128,1024,1792,768,75.0,0,0,1,1
HAMMING,0.001,128,1024,1792,768,75.0,3,3,1,1
HAMMING,0.001,128,1024,1792,768,75.0,0,0,1,1
HAMMING,0.001,128,1024,1792,768,75.0,4,4,1,1
HAMMING,0.001,128,1024,1792,768,75.0,0,0,1,1
HAMMING,0.001,128,1024,1792,768,75.0,2,2,1,1
HAMMING,0.001,128,1024,1792,768,75.0,1,1,1,1
HAMMING,0.001,128,1024,1792,768,75.0,1,1,1,1
HAMMING,0.001,128,1024,1792,768,75.0,2,2,1,1
HAMMING,0.001,128,1024,1792,768,75.0,1,1,1,1
HAMMING,0.001,128,1024,1792,768,75.0,0,0,1,1
HAMMING,0.001,128,1024,1792,768,75.0,1,1,1,1
HAMMING,0.001,128,1024,1792,768,75.0,1,1,1,1
HAMMING,0.001,128,1024,1792,768,75.0,3,3,1,1
HAMMING,0.001,128,1024,1792,768,75.0,0,0,1,1
HAMMING,0.001,128,1024,1792,768,75.0,1,1,1,1
HAMMING,0.001,128,1024,1792,768,75.0,2,2,1,1
HAMMING,0.001,128,1024,1792,768,75.0,5,5,1,1
HAMMING,0.001,128,1024,1792,768,75.0,3,3,1,1
HAMMING,0.001,128,1024,1792,768,75.0,3,3,1,1
HAMMING,0.001,128,1024,1792,768,75.0,2,2,1,1
HAMMING,0.005,4,32,56,24,75.0,0,0,1,1
HAMMING,0.005,4,32,56,24,75.0,1,1,1,1
HAMMING,0.005,4,32,56,24,75.0,0,0,1,1
HAMMING,0.005,4,32,56,24,75.0,0,0,1,1
HAMMING,0.005,4,32,56,24,75.0,0,0,1,1
HAMMING,0.005,4,32,56,24,75.0,2,2,1,1
HAMMING,0.005,4,32,56,24,75.0,0,0,1,1
HAMMING,0.005,4,32,56,24,75.0,0,0,1,1
HAMMING,0.005,4,32,56,24,75.0,0,0,1,1
HAMMING,0.005,4,32,56,24,75.0,0,0,1,1
HAMMING,0.005,4,32,56,24,75.0,0,0,1,1
HAMMING,0.005,4,32,56,24,75.0,0,0,1,1
HAMMING,0.005,4,32,56,24,75.0,1,1,1,1
HAMMING,0.005,4,32,56,24,75.0,0,0,1,1
HAMMING,0.005,4,32,56,24,75.0,0,0,1,1
HAMMING,0.005,4,32,56,24,75.0,0,0,1,1
HAMMING,0.005,4,32,56,24,75.0,0,0,1,1
HAMMING,0.005,4,32,56,24,75.0,0,0,1,1
HAMMING,0.005,4,32,56,24,75.0,0,0,1,1
HAMMING,0.005,4,32,56,24,75.0,0,0,1,1
HAMMING,0.005,4,32,56,24,75.0,0,0,1,1
HAMMING,0.005,4,32,56,24,75.0,0,0,1,1
HAMMING,0.005,4,32,56,24,75.0,0,0,1,1
HAMMING,0.005,4,32,56,24,75.0,1,1,1,1
HAMMING,0.005,4,32,56,24,75.0,1,1,1,1
HAMMING,0.005,4,32,56,24,75.0,0,0,1,1
HAMMING,0.005,4,32,56,24,75.0,0,0,1,1
HAMMING,0.005,4,32,56,24,75.0,0,0,1,1
HAMMING,0.005,4,32,56,24,75.0,1,1,1,1
HAMMING,0.005,4,32,56,24,75.0,0,0,1,1
HAMMING,0.005,4,32,56,24,75.0,0,0,1,1
HAMMING,0.005,4,32,56,24,75.0,0,0,1,1
HAMMING,0.005,4,32,56,24,75.0,0,0,1,1
HAMMING,0.005,4,32,56,24,75.0,1,1,1,1
HAMMING,0.005,4,32,56,24,75.0,0,0,1,1
HAMMING,0.005,4,32,56,24,75.0,0,0,1,1
HAMMING,0.005,4,32,56,24,75.0,1,1,1,1
HAMMING,0.005,4,32,56,24,75.0,0,0,1,1
HAMMING,0.005,4,32,56,24,75.0,2,2,1,1
HAMMING,0.005,4,32,56,24,75.0,0,0,1,1
HAMMING,0.005,8,64,112,48,75.0,0,0,1,1
HAMMING,0.005,8,64,112,48,75.0,0,0,1,1
HAMMING,0.005,8,64,112,48,75.0,2,2,1,1
HAMMING,0.005,8,64,112,48,75.0,2,2,1,1
HAMMING,0.005,8,64,112,48,75.0,0,0,1,1
HAMMING,0.005,8,64,112,48,75.0,0,0,1,1
HAMMING,0.005,8,64,112,48,75.0,1,1,1,1
HAMMING,0.005,8,64,112,48,75.0,2,2,1,1
HAMMING,0.005,8,64,112,48,75.0,0,0,1,1
HAMMING,0.005,8,64,112,48,75.0,1,1,1,1
HAMMING,0.005,8,64,112,48,75.0,1,1,1,1
HAMMING,0.005,8,64,112,48,75.0,0,0,1,1
HAMMING,0.005,8,64,112,48,75.0,0,0,1,1
HAMMING,0.005,8,64,112,48,75.0,1,1,1,1
HAMMING,0.005,8,64,112,48,75.0,0,0,1,1
HAMMING,0.005,8,64,112,48,75.0,0,0,1,1
HAMMING,0.005,8,64,112,48,75.0,1,1,1,1
HAMMING,0.005,8,64,112,48,75.0,1,1,1,1
HAMMING,0.005,8,64,112,48,75.0,1,1,1,1
HAMMING,0.005,8,64,112,48,75.0,2,2,1,1
HAMMING,0.005,8,64,112,48,75.0,1,1,1,1
HAMMING,0.005,8,64,112,48,75.0,2,2,1,1
HAMMING,0.005,8,64,112,48,75.0,1,1,1,1
HAMMING,0.005,8,64,112,48,75.0,0,0,1,1
HAMMING,0.005,8,64,112,48,75.0,0,0,1,1
HAMMING,0.005,8,64,112,48,75.0,0,0,1,1
HAMMING,0.005,8,64,112,48,75.0,1,1,1,1
HAMMING,0.005,8,64,112,48,75.0,0,0,1,1
HAMMING,0.005,8,64,112,48,75.0,2,2,1,1
HAMMING,0.005,8,64,112,48,75.0,2,2,1,1
HAMMING,0.005,8,64,112,48,75.0,0,0,1,1
HAMMING,0.005,8,64,112,48,75.0,0,0,1,1
HAMMING,0.005,8,64,112,48,75.0,1,1,1,1
HAMMING,0.005,8,64,112,48,75.0,0,0,1,1
HAMMING,0.005,8,64,112,48,75.0,0,0,1,1
HAMMING,0.005,8,64,112,48,75.0,0,0,1,1
HAMMING,0.005,8,64,112,48,75.0,1,1,1,1
HAMMING,0.005,8,64,112,48,75.0,0,0,1,1
HAMMING,0.005,8,64,112,48,75.0,0,0,1,1
HAMMING,0.005,8,64,112,48,75.0,0,0,1,1
HAMMING,0.005,16,128,224,96,75.0,0,0,1,1
HAMMING,0.005,16,128,224,96,75.0,0,0,1,1
HAMMING,0.005,16,128,224,96,75.0,2,2,1,1
HAMMING,0.005,16,128,224,96,75.0,2,2,1,1
HAMMING,0.005,16,128,224,96,75.0,1,1,1,1
HAMMING,0.005,16,128,224,96,75.0,5,5,1,1
HAMMING,0.005,16,128,224,96,75.0,2,2,1,1
HAMMING,0.005,16,128,224,96,75.0,1,1,1,1
HAMMING,0.005,16,128,224,96,75.0,2,2,1,1
HAMMING,0.005,16,128,224,96,75.0,1,1,1,1
HAMMING,0.005,16,128,224,96,75.0,0,0,1,1
HAMMING,0.005,16,128,224,96,75.0,0,0,1,1
HAMMING,0.005,16,128,224,96,75.0,1,1,1,1
HAMMING,0.005,16,128,224,96,75.0,1,1,1,1
HAMMING,0.005,16,128,224,96,75.0,0,0,1,1
HAMMING,0.005,16,128,224,96,75.0,2,2,1,1
HAMMING,0.005,16,128,224,96,75.0,1,1,1,1
HAMMING,0.005,16,128,224,96,75.0,4,4,1,1
HAMMING,0.005,16,128,224,96,75.0,1,1,1,1
HAMMING,0.005,16,128,224,96,75.0,1,1,1,1
HAMMING,0.005,16,128,224,96,75.0,1,1,1,1
HAMMING,0.005,16,128,224,96,75.0,2,2,1,1
HAMMING,0.005,16,128,224,96,75.0,2,2,1,1
HAMMING,0.005,16,128,224,96,75.0,0,0,1,1
HAMMING,0.005,16,128,224,96,75.0,1,1,1,1
HAMMING,0.005,16,128,224,96,75.0,1,1,1,1
HAMMING,0.005,16,128,224,96,75.0,1,1,1,1
HAMMING,0.005,16,128,224,96,75.0,0,0,1,1
HAMMING,0.005,16,128,224,96,75.0,2,2,1,1
HAMMING,0.005,16,128,224,96,75.0,1,1,1,1
HAMMING,0.005,16,128,224,96,75.0,0,0,1,1
HAMMING,0.005,16,128,224,96,75.0,1,1,1,1
HAMMING,0.005,16,128,224,96,75.0,3,3,1,1
HAMMING,0.005,16,128,224,96,75.0,2,1,1,0
HAMMING,0.005,16,128,224,96,75.0,0,0,1,1
HAMMING,0.005,16,128,224,96,75.0,2,2,1,1
HAMMING,0.005,16,128,224,96,75.0,0,0,1,1
HAMMING,0.005,16,128,224,96,75.0,0,0,1,1
HAMMING,0.005,16,128,224,96,75.0,2,2,1,1
HAMMING,0.005,16,128,224,96,75.0,4,4,1,1
HAMMING,0.005,32,256,448,192,75.0,1,1,1,1
HAMMING,0.005,32,256,448,192,75.0,4,4,1,1
HAMMING,0.005,32,256,448,192,75.0,4,4,1,1
HAMMING,0.005,32,256,448,192,75.0,2,2,1,1
HAMMING,0.005,32,256,448,192,75.0,2,2,1,1
HAMMING,0.005,32,256,448,192,75.0,1,1,1,1
HAMMING,0.005,32,256,448,192,75.0,2,2,1,1
HAMMING,0.005,32,256,448,192,75.0,0,0,1,1
HAMMING,0.005,32,256,448,192,75.0,2,2,1,1
HAMMING,0.005,32,256,448,192,75.0,0,0,1,1
HAMMING,0.005,32,256,448,192,75.0,2,2,1,1
HAMMING,0.005,32,256,448,192,75.0,1,1,1,1
HAMMING,0.005,32,256,448,192,75.0,2,2,1,1
HAMMING,0.005,32,256,448,192,75.0,2,2,1,1
HAMMING,0.005,32,256,448,192,75.0,3,3,1,1
HAMMING,0.005,32,256,448,192,75.0,1,1,1,1
HAMMING,0.005,32,256,448,192,75.0,0,0,1,1
HAMMING,0.005,32,256,448,192,75.0,6,6,1,1
HAMMING,0.005,32,256,448,192,75.0,3,3,1,1
HAMMING,0.005,32,256,448,192,75.0,2,2,1,1
HAMMING,0.005,32,256,448,192,75.0,1,1,1,1
HAMMING,0.005,32,256,448,192,75.0,2,2,1,1
HAMMING,0.005,32,256,448,192,75.0,5,5,1,1
HAMMING,0.005,32,256,448,192,75.0,4,3,1,0
HAMMING,0.005,32,256,448,192,75.0,2,2,1,1
HAMMING,0.005,32,256,448,192,75.0,3,3,1,1
HAMMING,0.005,32,256,448,192,75.0,3,3,1,1
HAMMING,0.005,32,256,448,192,75.0,3,3,1,1
HAMMING,0.005,32,256,448,192,75.0,3,3,1,1
HAMMING,0.005,32,256,448,192,75.0,2,2,1,1
HAMMING,0.005,32,256,448,192,75.0,0,0,1,1
HAMMING,0.005,32,256,448,192,75.0,2,2,1,1
HAMMING,0.005,32,256,448,192,75.0,1,1,1,1
HAMMING,0.005,32,256,448,192,75.0,2,2,1,1
HAMMING,0.005,32,256,448,192,75.0,3,3,1,1
HAMMING,0.005,32,256,448,192,75.0,1,1,1,1
HAMMING,0.005,32,256,448,192,75.0,2,2,1,1
HAMMING,0.005,32,256,448,192,75.0,4,4,1,1
HAMMING,0.005,32,256,448,192,75.0,0,0,1,1
HAMMING,0.005,32,256,448,192,75.0,1,1,1,1
HAMMING,0.005,64,512,896,384,75.0,5,5,1,1
HAMMING,0.005,64,512,896,384,75.0,3,3,1,1
HAMMING,0.005,64,512,896,384,75.0,5,5,1,1
HAMMING,0.005,64,512,896,384,75.0,1,1,1,1
HAMMING,0.005,64,512,896,384,75.0,5,5,1,1
HAMMING,0.005,64,512,896,384,75.0,4,4,1,1
HAMMING,0.005,64,512,896,384,75.0,11,11,1,1
HAMMING,0.005,64,512,896,384,75.0,2,2,1,1
HAMMING,0.005,64,512,896,384,75.0,4,4,1,1
HAMMING,0.005,64,512,896,384,75.0,6,6,1,1
HAMMING,0.005,64,512,896,384,75.0,3,3,1,1
HAMMING,0.005,64,512,896,384,75.0,4,4,1,1
HAMMING,0.005,64,512,896,384,75.0,6,6,1,1
HAMMING,0.005,64,512,896,384,75.0,4,4,1,1
HAMMING,0.005,64,512,896,384,75.0,4,4,1,1
HAMMING,0.005,64,512,896,384,75.0,7,7,1,1
HAMMING,0.005,64,512,896,384,75.0,4,4,1,1
HAMMING,0.005,64,512,896,384,75.0,3,3,1,1
HAMMING,0.005,64,512,896,384,75.0,5,5,1,1
HAMMING,0.005,64,512,896,384,75.0,3,3,1,1
HAMMING,0.005,64,512,896,384,75.0,6,6,1,1
HAMMING,0.005,64,512,896,384,75.0,6,6,1,1
HAMMING,0.005,64,512,896,384,75.0,11,10,1,0
HAMMING,0.005,64,512,896,384,75.0,5,5,1,1
HAMMING,0.005,64,512,896,384,75.0,1,1,1,1
HAMMING,0.005,64,512,896,384,75.0,6,5,1,0
HAMMING,0.005,64,512,896,384,75.0,3,3,1,1
HAMMING,0.005,64,512,896,384,75.0,2,2,1,1
HAMMING,0.005,64,512,896,384,75.0,3,3,1,1
HAMMING,0.005,64,512,896,384,75.0,3,3,1,1
HAMMING,0.005,64,512,896,384,75.0,5,5,1,1
HAMMING,0.005,64,512,896,384,75.0,6,6,1,1
HAMMING,0.005,64,512,896,384,75.0,4,4,1,1
HAMMING,0.005,64,512,896,384,75.0,3,3,1,1
HAMMING,0.005,64,512,896,384,75.0,7,7,1,1
HAMMING,0.005,64,512,896,384,75.0,7,7,1,1
HAMMING,0.005,64,512,896,384,75.0,7,7,1,1
HAMMING,0.005,64,512,896,384,75.0,5,5,1,1
HAMMING,0.005,64,512,896,384,75.0,1,1,1,1
HAMMING,0.005,64,512,896,384,75.0,4,4,1,1
HAMMING,0.005,128,1024,1792,768,75.0,11,11,1,1
HAMMING,0.005,128,1024,1792,768,75.0,18,18,1,1
HAMMING,0.005,128,1024,1792,768,75.0,8,8,1,1
HAMMING,0.005,128,1024,1792,768,75.0,11,11,1,1
HAMMING,0.005,128,1024,1792,768,75.0,6,6,1,1
HAMMING,0.005,128,1024,1792,768,75.0,8,8,1,1
HAMMING,0.005,128,1024,1792,768,75.0,13,13,1,1
HAMMING,0.005,128,1024,1792,768,75.0,8,8,1,1
HAMMING,0.005,128,1024,1792,768,75.0,7,7,1,1
HAMMING,0.005,128,1024,1792,768,75.0,6,6,1,1
HAMMING,0.005,128,1024,1792,768,75.0,11,11,1,1
HAMMING,0.005,128,1024,1792,768,75.0,13,13,1,1
HAMMING,0.005,128,1024,1792,768,75.0,7,7,1,1
HAMMING,0.005,128,1024,1792,768,75.0,11,11,1,1
HAMMING,0.005,128,1024,1792,768,75.0,12,12,1,1
HAMMING,0.005,128,1024,1792,768,75.0,8,8,1,1
HAMMING,0.005,128,1024,1792,768,75.0,12,12,1,1
HAMMING,0.005,128,1024,1792,768,75.0,4,3,1,0
HAMMING,0.005,128,1024,1792,768,75.0,7,7,1,1
HAMMING,0.005,128,1024,1792,768,75.0,7,7,1,1
HAMMING,0.005,128,1024,1792,768,75.0,9,9,1,1
HAMMING,0.005,128,1024,1792,768,75.0,17,16,1,0
HAMMING,0.005,128,1024,1792,768,75.0,7,7,1,1
HAMMING,0.005,128,1024,1792,768,75.0,10,10,1,1
HAMMING,0.005,128,1024,1792,768,75.0,14,14,1,1
HAMMING,0.005,128,1024,1792,768,75.0,10,10,1,1
HAMMING,0.005,128,1024,1792,768,75.0,9,9,1,1
HAMMING,0.005,128,1024,1792,768,75.0,9,9,1,1
HAMMING,0.005,128,1024,1792,768,75.0,10,10,1,1
HAMMING,0.005,128,1024,1792,768,75.0,9,9,1,1
HAMMING,0.005,128,1024,1792,768,75.0,8,8,1,1
HAMMING,0.005,128,1024,1792,768,75.0,12,11,1,0
HAMMING,0.005,128,1024,1792,768,75.0,10,9,1,0
HAMMING,0.005,128,1024,1792,768,75.0,10,10,1,1
HAMMING,0.005,128,1024,1792,768,75.0,9,9,1,1
HAMMING,0.005,128,1024,1792,768,75.0,8,8,1,1
HAMMING,0.005,128,1024,1792,768,75.0,7,7,1,1
HAMMING,0.005,128,1024,1792,768,75.0,11,11,1,1
HAMMING,0.005,128,1024,1792,768,75.0,7,7,1,1
HAMMING,0.005,128,1024,1792,768,75.0,9,9,1,1
HAMMING,0.01,4,32,56,24,75.0,0,0,1,1
HAMMING,0.01,4,32,56,24,75.0,1,1,1,1
HAMMING,0.01,4,32,56,24,75.0,0,0,1,1
HAMMING,0.01,4,32,56,24,75.0,0,0,1,1
HAMMING,0.01,4,32,56,24,75.0,0,0,1,1
HAMMING,0.01,4,32,56,24,75.0,2,2,1,1
HAMMING,0.01,4,32,56,24,75.0,1,1,1,1
HAMMING,0.01,4,32,56,24,75.0,0,0,1,1
HAMMING,0.01,4,32,56,24,75.0,0,0,1,1
HAMMING,0.01,4,32,56,24,75.0,2,1,1,0
HAMMING,0.01,4,32,56,24,75.0,0,0,1,1
HAMMING,0.01,4,32,56,24,75.0,0,0,1,1
HAMMING,0.01,4,32,56,24,75.0,0,0,1,1
HAMMING,0.01,4,32,56,24,75.0,0,0,1,1
HAMMING,0.01,4,32,56,24,75.0,1,1,1,1
HAMMING,0.01,4,32,56,24,75.0,0,0,1,1
HAMMING,0.01,4,32,56,24,75.0,0,0,1,1
HAMMING,0.01,4,32,56,24,75.0,0,0,1,1
HAMMING,0.01,4,32,56,24,75.0,1,1,1,1
HAMMING,0.01,4,32,56,24,75.0,3,2,1,0
HAMMING,0.01,4,32,56,24,75.0,0,0,1,1
HAMMING,0.01,4,32,56,24,75.0,1,1,1,1
HAMMING,0.01,4,32,56,24,75.0,1,1,1,1
HAMMING,0.01,4,32,56,24,75.0,0,0,1,1
HAMMING,0.01,4,32,56,24,75.0,0,0,1,1
HAMMING,0.01,4,32,56,24,75.0,1,1,1,1
HAMMING,0.01,4,32,56,24,75.0,0,0,1,1
HAMMING,0.01,4,32,56,24,75.0,1,1,1,1
HAMMING,0.01,4,32,56,24,75.0,0,0,1,1
HAMMING,0.01,4,32,56,24,75.0,1,1,1,1
HAMMING,0.01,4,32,56,24,75.0,0,0,1,1
HAMMING,0.01,4,32,56,24,75.0,1,1,1,1
HAMMING,0.01,4,32,56,24,75.0,0,0,1,1
HAMMING,0.01,4,32,56,24,75.0,0,0,1,1
HAMMING,0.01,4,32,56,24,75.0,0,0,1,1
HAMMING,0.01,4,32,56,24,75.0,2,2,1,1
HAMMING,0.01,4,32,56,24,75.0,0,0,1,1
HAMMING,0.01,4,32,56,24,75.0,0,0,1,1
HAMMING,0.01,4,32,56,24,75.0,0,0,1,1
HAMMING,0.01,4,32,56,24,75.0,0,0,1,1
HAMMING,0.01,8,64,112,48,75.0,3,3,1,1
HAMMING,0.01,8,64,112,48,75.0,0,0,1,1
HAMMING,0.01,8,64,112,48,75.0,1,1,1,1
HAMMING,0.01,8,64,112,48,75.0,0,0,1,1
HAMMING,0.01,8,64,112,48,75.0,1,1,1,1
HAMMING,0.01,8,64,112,48,75.0,1,1,1,1
HAMMING,0.01,8,64,112,48,75.0,5,4,1,0
HAMMING,0.01,8,64,112,48,75.0,1,1,1,1
HAMMING,0.01,8,64,112,48,75.0,0,0,1,1
HAMMING,0.01,8,64,112,48,75.0,2,2,1,1
HAMMING,0.01,8,64,112,48,75.0,1,1,1,1
HAMMING,0.01,8,64,112,48,75.0,0,0,1,1
HAMMING,0.01,8,64,112,48,75.0,1,1,1,1
HAMMING,0.01,8,64,112,48,75.0,1,1,1,1
HAMMING,0.01,8,64,112,48,75.0,0,0,1,1
HAMMING,0.01,8,64,112,48,75.0,1,1,1,1
HAMMING,0.01,8,64,112,48,75.0,1,1,1,1
HAMMING,0.01,8,64,112,48,75.0,0,0,1,1
HAMMING,0.01,8,64,112,48,75.0,0,0,1,1
HAMMING,0.01,8,64,112,48,75.0,1,1,1,1
HAMMING,0.01,8,64,112,48,75.0,0,0,1,1
HAMMING,0.01,8,64,112,48,75.0,3,2,1,0
HAMMING,0.01,8,64,112,48,75.0,1,1,1,1
HAMMING,0.01,8,64,112,48,75.0,1,1,1,1
HAMMING,0.01,8,64,112,48,75.0,2,1,1,0
HAMMING,0.01,8,64,112,48,75.0,3,2,1,0
HAMMING,0.01,8,64,112,48,75.0,2,2,1,1
HAMMING,0.01,8,64,112,48,75.0,1,1,1,1
HAMMING,0.01,8,64,112,48,75.0,1,1,1,1
HAMMING,0.01,8,64,112,48,75.0,0,0,1,1
HAMMING,0.01,8,64,112,48,75.0,2,2,1,1
HAMMING,0.01,8,64,112,48,75.0,2,1,1,0
HAMMING,0.01,8,64,112,48,75.0,1,1,1,1
HAMMING,0.01,8,64,112,48,75.0,0,0,1,1
HAMMING,0.01,8,64,112,48,75.0,1,1,1,1
HAMMING,0.01,8,64,112,48,75.0,2,2,1,1
HAMMING,0.01,8,64,112,48,75.0,2,2,1,1
HAMMING,0.01,8,64,112,48,75.0,1,1,1,1
HAMMING,0.01,8,64,112,48,75.0,0,0,1,1
HAMMING,0.01,8,64,112,48,75.0,0,0,1,1
HAMMING,0.01,16,128,224,96,75.0,2,2,1,1
HAMMING,0.01,16,128,224,96,75.0,3,3,1,1
HAMMING,0.01,16,128,224,96,75.0,2,2,1,1
HAMMING,0.01,16,128,224,96,75.0,2,2,1,1
HAMMING,0.01,16,128,224,96,75.0,2,2,1,1
HAMMING,0.01,16,128,224,96,75.0,4,4,1,1
HAMMING,0.01,16,128,224,96,75.0,3,3,1,1
HAMMING,0.01,16,128,224,96,75.0,5,5,1,1
HAMMING,0.01,16,128,224,96,75.0,2,2,1,1
HAMMING,0.01,16,128,224,96,75.0,3,3,1,1
HAMMING,0.01,16,128,224,96,75.0,2,2,1,1
HAMMING,0.01,16,128,224,96,75.0,1,1,1,1
HAMMING,0.01,16,128,224,96,75.0,3,3,1,1
HAMMING,0.01,16,128,224,96,75.0,2,2,1,1
HAMMING,0.01,16,128,224,96,75.0,2,2,1,1
HAMMING,0.01,16,128,224,96,75.0,1,1,1,1
HAMMING,0.01,16,128,224,96,75.0,3,3,1,1
HAMMING,0.01,16,128,224,96,75.0,2,2,1,1
HAMMING,0.01,16,128,224,96,75.0,2,2,1,1
HAMMING,0.01,16,128,224,96,75.0,2,2,1,1
HAMMING,0.01,16,128,224,96,75.0,2,2,1,1
HAMMING,0.01,16,128,224,96,75.0,2,2,1,1
HAMMING,0.01,16,128,224,96,75.0,6,6,1,1
HAMMING,0.01,16,128,224,96,75.0,1,1,1,1
HAMMING,0.01,16,128,224,96,75.0,1,1,1,1
HAMMING,0.01,16,128,224,96,75.0,6,5,1,0
HAMMING,0.01,16,128,224,96,75.0,3,3,1,1
HAMMING,0.01,16,128,224,96,75.0,4,4,1,1
HAMMING,0.01,16,128,224,96,75.0,0,0,1,1
HAMMING,0.01,16,128,224,96,75.0,0,0,1,1
HAMMING,0.01,16,128,224,96,75.0,1,1,1,1
HAMMING,0.01,16,128,224,96,75.0,0,0,1,1
HAMMING,0.01,16,128,224,96,75.0,5,5,1,1
HAMMING,0.01,16,128,224,96,75.0,3,3,1,1
HAMMING,0.01,16,128,224,96,75.0,1,1,1,1
HAMMING,0.01,16,128,224,96,75.0,3,3,1,1
HAMMING,0.01,16,128,224,96,75.0,2,2,1,1
HAMMING,0.01,16,128,224,96,75.0,3,3,1,1
HAMMING,0.01,16,128,224,96,75.0,1,1,1,1
HAMMING,0.01,16,128,224,96,75.0,2,2,1,1
HAMMING,0.01,32,256,448,192,75.0,4,4,1,1
HAMMING,0.01,32,256,448,192,75.0,8,7,1,0
HAMMING,0.01,32,256,448,192,75.0,0,0,1,1
HAMMING,0.01,32,256,448,192,75.0,6,6,1,1
HAMMING,0.01,32,256,448,192,75.0,5,5,1,1
HAMMING,0.01,32,256,448,192,75.0,5,5,1,1
HAMMING,0.01,32,256,448,192,75.0,6,6,1,1
HAMMING,0.01,32,256,448,192,75.0,4,4,1,1
HAMMING,0.01,32,256,448,192,75.0,5,5,1,1
HAMMING,0.01,32,256,448,192,75.0,6,6,1,1
HAMMING,0.01,32,256,448,192,75.0,3,2,1,0
HAMMING,0.01,32,256,448,192,75.0,5,5,1,1
HAMMING,0.01,32,256,448,192,75.0,3,3,1,1
HAMMING,0.01,32,256,448,192,75.0,5,5,1,1
HAMMING,0.01,32,256,448,192,75.0,6,6,1,1
HAMMING,0.01,32,256,448,192,75.0,4,3,1,0
HAMMING,0.01,32,256,448,192,75.0,6,6,1,1
HAMMING,0.01,32,256,448,192,75.0,4,4,1,1
HAMMING,0.01,32,256,448,192,75.0,1,1,1,1
HAMMING,0.01,32,256,448,192,75.0,8,7,1,0
HAMMING,0.01,32,256,448,192,75.0,6,6,1,1
HAMMING,0.01,32,256,448,192,75.0,3,3,1,1
HAMMING,0.01,32,256,448,192,75.0,6,6,1,1
HAMMING,0.01,32,256,448,192,75.0,6,6,1,1
HAMMING,0.01,32,256,448,192,75.0,5,4,1,0
HAMMING,0.01,32,256,448,192,75.0,3,3,1,1
HAMMING,0.01,32,256,448,192,75.0,5,5,1,1
HAMMING,0.01,32,256,448,192,75.0,4,4,1,1
HAMMING,0.01,32,256,448,192,75.0,7,7,1,1
HAMMING,0.01,32,256,448,192,75.0,7,6,1,0
HAMMING,0.01,32,256,448,192,75.0,5,5,1,1
HAMMING,0.01,32,256,448,192,75.0,8,8,1,1
HAMMING,0.01,32,256,448,192,75.0,4,3,1,0
HAMMING,0.01,32,256,448,192,75.0,0,0,1,1
HAMMING,0.01,32,256,448,192,75.0,4,4,1,1
HAMMING,0.01,32,256,448,192,75.0,0,0,1,1
HAMMING,0.01,32,256,448,192,75.0,7,7,1,1
HAMMING,0.01,32,256,448,192,75.0,2,2,1,1
HAMMING,0.01,32,256,448,192,75.0,4,3,1,0
HAMMING,0.01,32,256,448,192,75.0,9,9,1,1
HAMMING,0.01,64,512,896,384,75.0,9,9,1,1
HAMMING,0.01,64,512,896,384,75.0,5,5,1,1
HAMMING,0.01,64,512,896,384,75.0,12,11,1,0
HAMMING,0.01,64,512,896,384,75.0,5,5,1,1
HAMMING,0.01,64,512,896,384,75.0,5,5,1,1
HAMMING,0.01,64,512,896,384,75.0,10,10,1,1
HAMMING,0.01,64,512,896,384,75.0,15,15,1,1
HAMMING,0.01,64,512,896,384,75.0,11,11,1,1
HAMMING,0.01,64,512,896,384,75.0,11,11,1,1
HAMMING,0.01,64,512,896,384,75.0,3,3,1,1
HAMMING,0.01,64,512,896,384,75.0,10,10,1,1
HAMMING,0.01,64,512,896,384,75.0,8,8,1,1
HAMMING,0.01,64,512,896,384,75.0,7,7,1,1
HAMMING,0.01,64,512,896,384,75.0,5,5,1,1
HAMMING,0.01,64,512,896,384,75.0,7,7,1,1
HAMMING,0.01,64,512,896,384,75.0,7,7,1,1
HAMMING,0.01,64,512,896,384,75.0,7,7,1,1
HAMMING,0.01,64,512,896,384,75.0,7,7,1,1
HAMMING,0.01,64,512,896,384,75.0,12,10,1,0
HAMMING,0.01,64,512,896,384,75.0,6,6,1,1
HAMMING,0.01,64,512,896,384,75.0,14,14,1,1
HAMMING,0.01,64,512,896,384,75.0,10,10,1,1
HAMMING,0.01,64,512,896,384,75.0,9,9,1,1
HAMMING,0.01,64,512,896,384,75.0,8,7,1,0
HAMMING,0.01,64,512,896,384,75.0,17,16,1,0
HAMMING,0.01,64,512,896,384,75.0,5,5,1,1
HAMMING,0.01,64,512,896,384,75.0,8,8,1,1
HAMMING,0.01,64,512,896,384,75.0,7,7,1,1
HAMMING,0.01,64,512,896,384,75.0,10,10,1,1
HAMMING,0.01,64,512,896,384,75.0,13,12,1,0
HAMMING,0.01,64,512,896,384,75.0,8,8,1,1
HAMMING,0.01,64,512,896,384,75.0,9,9,1,1
HAMMING,0.01,64,512,896,384,75.0,11,11,1,1
HAMMING,0.01,64,512,896,384,75.0,12,12,1,1
HAMMING,0.01,64,512,896,384,75.0,12,11,1,0
HAMMING,0.01,64,512,896,384,75.0,6,6,1,1
HAMMING,0.01,64,512,896,384,75.0,7,7,1,1
HAMMING,0.01,64,512,896,384,75.0,6,6,1,1
HAMMING,0.01,64,512,896,384,75.0,4,4,1,1
HAMMING,0.01,64,512,896,384,75.0,11,11,1,1
HAMMING,0.01,128,1024,1792,768,75.0,23,22,1,0
HAMMING,0.01,128,1024,1792,768,75.0,19,18,1,0
HAMMING,0.01,128,1024,1792,768,75.0,21,21,1,1
HAMMING,0.01,128,1024,1792,768,75.0,19,19,1,1
HAMMING,0.01,128,1024,1792,768,75.0,21,21,1,1
HAMMING,0.01,128,1024,1792,768,75.0,25,25,1,1
HAMMING,0.01,128,1024,1792,768,75.0,15,15,1,1
HAMMING,0.01,128,1024,1792,768,75.0,15,15,1,1
HAMMING,0.01,128,1024,1792,768,75.0,15,15,1,1
HAMMING,0.01,128,1024,1792,768,75.0,18,18,1,1
HAMMING,0.01,128,1024,1792,768,75.0,19,19,1,1
HAMMING,0.01,128,1024,1792,768,75.0,18,18,1,1
HAMMING,0.01,128,1024,1792,768,75.0,21,20,1,0
HAMMING,0.01,128,1024,1792,768,75.0,23,22,1,0
HAMMING,0.01,128,1024,1792,768,75.0,19,19,1,1
HAMMING,0.01,128,1024,1792,768,75.0,10,10,1,1
HAMMING,0.01,128,1024,1792,768,75.0,20,20,1,1
HAMMING,0.01,128,1024,1792,768,75.0,12,11,1,0
HAMMING,0.01,128,1024,1792,768,75.0,17,17,1,1
HAMMING,0.01,128,1024,1792,768,75.0,17,17,1,1
HAMMING,0.01,128,1024,1792,768,75.0,11,11,1,1
HAMMING,0.01,128,1024,1792,768,75.0,13,13,1,1
HAMMING,0.01,128,1024,1792,768,75.0,21,21,1,1
HAMMING,0.01,128,1024,1792,768,75.0,14,14,1,1
HAMMING,0.01,128,1024,1792,768,75.0,21,19,1,0
HAMMING,0.01,128,1024,1792,768,75.0,18,17,1,0
HAMMING,0.01,128,1024,1792,768,75.0,10,10,1,1
HAMMING,0.01,128,1024,1792,768,75.0,11,11,1,1
HAMMING,0.01,128,1024,1792,768,75.0,12,12,1,1
HAMMING,0.01,128,1024,1792,768,75.0,21,21,1,1
HAMMING,0.01,128,1024,1792,768,75.0,16,16,1,1
HAMMING,0.01,128,1024,1792,768,75.0,22,22,1,1
HAMMING,0.01,128,1024,1792,768,75.0,26,26,1,1
HAMMING,0.01,128,1024,1792,768,75.0,18,18,1,1
HAMMING,0.01,128,1024,1792,768,75.0,15,14,1,0
HAMMING,0.01,128,1024,1792,768,75.0,17,17,1,1
HAMMING,0.01,128,1024,1792,768,75.0,21,21,1,1
HAMMING,0.01,128,1024,1792,768,75.0,13,13,1,1
HAMMING,0.01,128,1024,1792,768,75.0,16,16,1,1
HAMMING,0.01,128,1024,1792,768,75.0,12,12,1,1
HAMMING,0.02,4,32,56,24,75.0,3,3,1,1
HAMMING,0.02,4,32,56,24,75.0,1,1,1,1
HAMMING,0.02,4,32,56,24,75.0,1,1,1,1
HAMMING,0.02,4,32,56,24,75.0,0,0,1,1
HAMMING,0.02,4,32,56,24,75.0,3,1,1,0
HAMMING,0.02,4,32,56,24,75.0,2,2,1,1
HAMMING,0.02,4,32,56,24,75.0,1,1,1,1
HAMMING,0.02,4,32,56,24,75.0,0,0,1,1
HAMMING,0.02,4,32,56,24,75.0,0,0,1,1
HAMMING,0.02,4,32,56,24,75.0,1,1,1,1
HAMMING,0.02,4,32,56,24,75.0,1,1,1,1
HAMMING,0.02,4,32,56,24,75.0,2,2,1,1
HAMMING,0.02,4,32,56,24,75.0,0,0,1,1
HAMMING,0.02,4,32,56,24,75.0,1,1,1,1
HAMMING,0.02,4,32,56,24,75.0,1,1,1,1
HAMMING,0.02,4,32,56,24,75.0,1,1,1,1
HAMMING,0.02,4,32,56,24,75.0,0,0,1,1
HAMMING,0.02,4,32,56,24,75.0,2,2,1,1
HAMMING,0.02,4,32,56,24,75.0,0,0,1,1
HAMMING,0.02,4,32,56,24,75.0,0,0,1,1
HAMMING,0.02,4,32,56,24,75.0,2,1,1,0
HAMMING,0.02,4,32,56,24,75.0,2,2,1,1
HAMMING,0.02,4,32,56,24,75.0,0,0,1,1
HAMMING,0.02,4,32,56,24,75.0,0,0,1,1
HAMMING,0.02,4,32,56,24,75.0,2,2,1,1
HAMMING,0.02,4,32,56,24,75.0,0,0,1,1
HAMMING,0.02,4,32,56,24,75.0,0,0,1,1
HAMMING,0.02,4,32,56,24,75.0,2,2,1,1
HAMMING,0.02,4,32,56,24,75.0,3,3,1,1
HAMMING,0.02,4,32,56,24,75.0,1,1,1,1
HAMMING,0.02,4,32,56,24,75.0,0,0,1,1
HAMMING,0.02,4,32,56,24,75.0,0,0,1,1
HAMMING,0.02,4,32,56,24,75.0,0,0,1,1
HAMMING,0.02,4,32,56,24,75.0,0,0,1,1
HAMMING,0.02,4,32,56,24,75.0,0,0,1,1
HAMMING,0.02,4,32,56,24,75.0,0,0,1,1
HAMMING,0.02,4,32,56,24,75.0,1,1,1,1
HAMMING,0.02,4,32,56,24,75.0,1,1,1,1
HAMMING,0.02,4,32,56,24,75.0,0,0,1,1
HAMMING,0.02,4,32,56,24,75.0,0,0,1,1
HAMMING,0.02,8,64,112,48,75.0,0,0,1,1
HAMMING,0.02,8,64,112,48,75.0,0,0,1,1
HAMMING,0.02,8,64,112,48,75.0,2,2,1,1
HAMMING,0.02,8,64,112,48,75.0,1,1,1,1
HAMMING,0.02,8,64,112,48,75.0,2,2,1,1
HAMMING,0.02,8,64,112,48,75.0,2,2,1,1
HAMMING,0.02,8,64,112,48,75.0,0,0,1,1
HAMMING,0.02,8,64,112,48,75.0,5,5,1,1
HAMMING,0.02,8,64,112,48,75.0,1,1,1,1
HAMMING,0.02,8,64,112,48,75.0,0,0,1,1
HAMMING,0.02,8,64,112,48,75.0,1,1,1,1
HAMMING,0.02,8,64,112,48,75.0,1,1,1,1
HAMMING,0.02,8,64,112,48,75.0,3,3,1,1
HAMMING,0.02,8,64,112,48,75.0,2,2,1,1
HAMMING,0.02,8,64,112,48,75.0,2,2,1,1
HAMMING,0.02,8,64,112,48,75.0,3,3,1,1
HAMMING,0.02,8,64,112,48,75.0,2,2,1,1
HAMMING,0.02,8,64,112,48,75.0,2,2,1,1
HAMMING,0.02,8,64,112,48,75.0,1,1,1,1
HAMMING,0.02,8,64,112,48,75.0,1,1,1,1
HAMMING,0.02,8,64,112,48,75.0,2,2,1,1
HAMMING,0.02,8,64,112,48,75.0,2,2,1,1
HAMMING,0.02,8,64,112,48,75.0,4,4,1,1
HAMMING,0.02,8,64,112,48,75.0,2,2,1,1
HAMMING,0.02,8,64,112,48,75.0,2,2,1,1
HAMMING,0.02,8,64,112,48,75.0,4,4,1,1
HAMMING,0.02,8,64,112,48,75.0,4,4,1,1
HAMMING,0.02,8,64,112,48,75.0,3,3,1,1
HAMMING,0.02,8,64,112,48,75.0,5,5,1,1
HAMMING,0.02,8,64,112,48,75.0,1,1,1,1
HAMMING,0.02,8,64,112,48,75.0,2,2,1,1
HAMMING,0.02,8,64,112,48,75.0,2,2,1,1
HAMMING,0.02,8,64,112,48,75.0,2,2,1,1
HAMMING,0.02,8,64,112,48,75.0,1,1,1,1
HAMMING,0.02,8,64,112,48,75.0,1,1,1,1
HAMMING,0.02,8,64,112,48,75.0,1,1,1,1
HAMMING,0.02,8,64,112,48,75.0,4,3,1,0
HAMMING,0.02,8,64,112,48,75.0,4,3,1,0
HAMMING,0.02,8,64,112,48,75.0,1,1,1,1
HAMMING,0.02,8,64,112,48,75.0,2,2,1,1
HAMMING,0.02,16,128,224,96,75.0,4,4,1,1
HAMMING,0.02,16,128,224,96,75.0,4,4,1,1
HAMMING,0.02,16,128,224,96,75.0,8,7,1,0
HAMMING,0.02,16,128,224,96,75.0,8,8,1,1
HAMMING,0.02,16,128,224,96,75.0,5,5,1,1
HAMMING,0.02,16,128,224,96,75.0,9,8,1,0
HAMMING,0.02,16,128,224,96,75.0,2,2,1,1
HAMMING,0.02,16,128,224,96,75.0,3,3,1,1
HAMMING,0.02,16,128,224,96,75.0,6,6,1,1
HAMMING,0.02,16,128,224,96,75.0,8,8,1,1
HAMMING,0.02,16,128,224,96,75.0,5,5,1,1
HAMMING,0.02,16,128,224,96,75.0,6,5,1,0
HAMMING,0.02,16,128,224,96,75.0,2,2,1,1
HAMMING,0.02,16,128,224,96,75.0,4,4,1,1
HAMMING,0.02,16,128,224,96,75.0,3,3,1,1
HAMMING,0.02,16,128,224,96,75.0,4,4,1,1
HAMMING,0.02,16,128,224,96,75.0,4,4,1,1
HAMMING,0.02,16,128,224,96,75.0,6,6,1,1
HAMMING,0.02,16,128,224,96,75.0,6,5,1,0
HAMMING,0.02,16,128,224,96,75.0,2,2,1,1
HAMMING,0.02,16,128,224,96,75.0,3,3,1,1
HAMMING,0.02,16,128,224,96,75.0,7,6,1,0
HAMMING,0.02,16,128,224,96,75.0,5,4,1,0
HAMMING,0.02,16,128,224,96,75.0,7,6,1,0
HAMMING,0.02,16,128,224,96,75.0,1,1,1,1
HAMMING,0.02,16,128,224,96,75.0,4,4,1,1
HAMMING,0.02,16,128,224,96,75.0,5,5,1,1
HAMMING,0.02,16,128,224,96,75.0,7,7,1,1
HAMMING,0.02,16,128,224,96,75.0,2,2,1,1
HAMMING,0.02,16,128,224,96,75.0,11,9,1,0
HAMMING,0.02,16,128,224,96,75.0,3,3,1,1
HAMMING,0.02,16,128,224,96,75.0,1,1,1,1
HAMMING,0.02,16,128,224,96,75.0,1,1,1,1
HAMMING,0.02,16,128,224,96,75.0,4,3,1,0
HAMMING,0.02,16,128,224,96,75.0,3,3,1,1
HAMMING,0.02,16,128,224,96,75.0,4,3,1,0
HAMMING,0.02,16,128,224,96,75.0,1,1,1,1
HAMMING,0.02,16,128,224,96,75.0,4,4,1,1
HAMMING,0.02,16,128,224,96,75.0,5,5,1,1
HAMMING,0.02,16,128,224,96,75.0,3,3,1,1
HAMMING,0.02,32,256,448,192,75.0,11,11,1,1
HAMMING,0.02,32,256,448,192,75.0,10,9,1,0
HAMMING,0.02,32,256,448,192,75.0,7,7,1,1
HAMMING,0.02,32,256,448,192,75.0,5,5,1,1
HAMMING,0.02,32,256,448,192,75.0,9,9,1,1
HAMMING,0.02,32,256,448,192,75.0,6,6,1,1
HAMMING,0.02,32,256,448,192,75.0,9,9,1,1
HAMMING,0.02,32,256,448,192,75.0,6,6,1,1
HAMMING,0.02,32,256,448,192,75.0,7,6,1,0
HAMMING,0.02,32,256,448,192,75.0,7,7,1,1
HAMMING,0.02,32,256,448,192,75.0,9,9,1,1
HAMMING,0.02,32,256,448,192,75.0,10,9,1,0
HAMMING,0.02,32,256,448,192,75.0,8,7,1,0
HAMMING,0.02,32,256,448,192,75.0,7,7,1,1
HAMMING,0.02,32,256,448,192,75.0,10,10,1,1
HAMMING,0.02,32,256,448,192,75.0,9,8,1,0
HAMMING,0.02,32,256,448,192,75.0,7,7,1,1
HAMMING,0.02,32,256,448,192,75.0,7,6,1,0
HAMMING,0.02,32,256,448,192,75.0,13,12,1,0
HAMMING,0.02,32,256,448,192,75.0,13,13,1,1
HAMMING,0.02,32,256,448,192,75.0,12,11,1,0
HAMMING,0.02,32,256,448,192,75.0,12,12,1,1
HAMMING,0.02,32,256,448,192,75.0,12,12,1,1
HAMMING,0.02,32,256,448,192,75.0,6,6,1,1
HAMMING,0.02,32,256,448,192,75.0,11,11,1,1
HAMMING,0.02,32,256,448,192,75.0,9,9,1,1
HAMMING,0.02,32,256,448,192,75.0,10,8,1,0
HAMMING,0.02,32,256,448,192,75.0,12,12,1,1
HAMMING,0.02,32,256,448,192,75.0,10,9,1,0
HAMMING,0.02,32,256,448,192,75.0,9,9,1,1
HAMMING,0.02,32,256,448,192,75.0,8,8,1,1
HAMMING,0.02,32,256,448,192,75.0,8,8,1,1
HAMMING,0.02,32,256,448,192,75.0,7,7,1,1
HAMMING,0.02,32,256,448,192,75.0,7,7,1,1
HAMMING,0.02,32,256,448,192,75.0,12,11,1,0
HAMMING,0.02,32,256,448,192,75.0,10,10,1,1
HAMMING,0.02,32,256,448,192,75.0,9,8,1,0
HAMMING,0.02,32,256,448,192,75.0,13,11,1,0
HAMMING,0.02,32,256,448,192,75.0,13,11,1,0
HAMMING,0.02,32,256,448,192,75.0,7,7,1,1
HAMMING,0.02,64,512,896,384,75.0,27,22,1,0
HAMMING,0.02,64,512,896,384,75.0,11,11,1,1
HAMMING,0.02,64,512,896,384,75.0,21,20,1,0
HAMMING,0.02,64,512,896,384,75.0,26,25,1,0
HAMMING,0.02,64,512,896,384,75.0,23,19,1,0
HAMMING,0.02,64,512,896,384,75.0,20,19,1,0
HAMMING,0.02,64,512,896,384,75.0,17,15,1,0
HAMMING,0.02,64,512,896,384,75.0,17,17,1,1
HAMMING,0.02,64,512,896,384,75.0,16,15,1,0
HAMMING,0.02,64,512,896,384,75.0,21,19,1,0
HAMMING,0.02,64,512,896,384,75.0,13,13,1,1
HAMMING,0.02,64,512,896,384,75.0,10,10,1,1
HAMMING,0.02,64,512,896,384,75.0,22,20,1,0
HAMMING,0.02,64,512,896,384,75.0,21,20,1,0
HAMMING,0.02,64,512,896,384,75.0,10,10,1,1
HAMMING,0.02,64,512,896,384,75.0,21,20,1,0
HAMMING,0.02,64,512,896,384,75.0,18,16,1,0
HAMMING,0.02,64,512,896,384,75.0,19,18,1,0
HAMMING,0.02,64,512,896,384,75.0,24,23,1,0
HAMMING,0.02,64,512,896,384,75.0,28,28,1,1
HAMMING,0.02,64,512,896,384,75.0,23,22,1,0
HAMMING,0.02,64,512,896,384,75.0,13,12,1,0
HAMMING,0.02,64,512,896,384,75.0,18,17,1,0
HAMMING,0.02,64,512,896,384,75.0,17,16,1,0
HAMMING,0.02,64,512,896,384,75.0,17,16,1,0
HAMMING,0.02,64,512,896,384,75.0,17,16,1,0
HAMMING,0.02,64,512,896,384,75.0,21,20,1,0
HAMMING,0.02,64,512,896,384,75.0,18,18,1,1
HAMMING,0.02,64,512,896,384,75.0,15,14,1,0
HAMMING,0.02,64,512,896,384,75.0,7,6,1,0
HAMMING,0.02,64,512,896,384,75.0,20,18,1,0
HAMMING,0.02,64,512,896,384,75.0,16,15,1,0
HAMMING,0.02,64,512,896,384,75.0,16,15,1,0
HAMMING,0.02,64,512,896,384,75.0,13,13,1,1
HAMMING,0.02,64,512,896,384,75.0,20,19,1,0
HAMMING,0.02,64,512,896,384,75.0,22,20,1,0
HAMMING,0.02,64,512,896,384,75.0,11,11,1,1
HAMMING,0.02,64,512,896,384,75.0,19,19,1,1
HAMMING,0.02,64,512,896,384,75.0,18,16,1,0
HAMMING,0.02,64,512,896,384,75.0,25,23,1,0
HAMMING,0.02,128,1024,1792,768,75.0,25,24,1,0
HAMMING,0.02,128,1024,1792,768,75.0,36,35,1,0
HAMMING,0.02,128,1024,1792,768,75.0,30,27,1,0
HAMMING,0.02,128,1024,1792,768,75.0,43,40,1,0
HAMMING,0.02,128,1024,1792,768,75.0,44,40,1,0
HAMMING,0.02,128,1024,1792,768,75.0,31,30,1,0
HAMMING,0.02,128,1024,1792,768,75.0,41,38,1,0
HAMMING,0.02,128,1024,1792,768,75.0,39,38,1,0
HAMMING,0.02,128,1024,1792,768,75.0,28,25,1,0
HAMMING,0.02,128,1024,1792,768,75.0,33,31,1,0
HAMMING,0.02,128,1024,1792,768,75.0,47,45,1,0
HAMMING,0.02,128,1024,1792,768,75.0,40,37,1,0
HAMMING,0.02,128,1024,1792,768,75.0,37,35,1,0
HAMMING,0.02,128,1024,1792,768,75.0,32,29,1,0
HAMMING,0.02,128,1024,1792,768,75.0,44,42,1,0
HAMMING,0.02,128,1024,1792,768,75.0,27,26,1,0
HAMMING,0.02,128,1024,1792,768,75.0,44,40,1,0
HAMMING,0.02,128,1024,1792,768,75.0,42,41,1,0
HAMMING,0.02,128,1024,1792,768,75.0,35,31,1,0
HAMMING,0.02,128,1024,1792,768,75.0,33,31,1,0
HAMMING,0.02,128,1024,1792,768,75.0,37,35,1,0
HAMMING,0.02,128,1024,1792,768,75.0,47,42,1,0
HAMMING,0.02,128,1024,1792,768,75.0,27,26,1,0
HAMMING,0.02,128,1024,1792,768,75.0,38,33,1,0
HAMMING,0.02,128,1024,1792,768,75.0,42,38,1,0
HAMMING,0.02,128,1024,1792,768,75.0,51,47,1,0
HAMMING,0.02,128,1024,1792,768,75.0,39,39,1,1
HAMMING,0.02,128,1024,1792,768,75.0,40,37,1,0
HAMMING,0.02,128,1024,1792,768,75.0,39,39,1,1
HAMMING,0.02,128,1024,1792,768,75.0,21,19,1,0
HAMMING,0.02,128,1024,1792,768,75.0,37,34,1,0
HAMMING,0.02,128,1024,1792,768,75.0,40,36,1,0
HAMMING,0.02,128,1024,1792,768,75.0,39,38,1,0
HAMMING,0.02,128,1024,1792,768,75.0,31,30,1,0
HAMMING,0.02,128,1024,1792,768,75.0,40,38,1,0
HAMMING,0.02,128,1024,1792,768,75.0,30,29,1,0
HAMMING,0.02,128,1024,1792,768,75.0,37,35,1,0
HAMMING,0.02,128,1024,1792,768,75.0,45,41,1,0
HAMMING,0.02,128,1024,1792,768,75.0,47,46,1,0
HAMMING,0.02,128,1024,1792,768,75.0,42,38,1,0
HAMMING,0.05,4,32,56,24,75.0,2,2,1,1
HAMMING,0.05,4,32,56,24,75.0,4,3,1,0
HAMMING,0.05,4,32,56,24,75.0,2,2,1,1
HAMMING,0.05,4,32,56,24,75.0,5,4,1,0
HAMMING,0.05,4,32,56,24,75.0,6,4,1,0
HAMMING,0.05,4,32,56,24,75.0,1,1,1,1
HAMMING,0.05,4,32,56,24,75.0,1,1,1,1
HAMMING,0.05,4,32,56,24,75.0,7,5,1,0
HAMMING,0.05,4,32,56,24,75.0,1,1,1,1
HAMMING,0.05,4,32,56,24,75.0,6,5,1,0
HAMMING,0.05,4,32,56,24,75.0,3,3,1,1
HAMMING,0.05,4,32,56,24,75.0,5,4,1,0
HAMMING,0.05,4,32,56,24,75.0,4,1,1,0
HAMMING,0.05,4,32,56,24,75.0,2,2,1,1
HAMMING,0.05,4,32,56,24,75.0,3,3,1,1
HAMMING,0.05,4,32,56,24,75.0,2,2,1,1
HAMMING,0.05,4,32,56,24,75.0,1,1,1,1
HAMMING,0.05,4,32,56,24,75.0,2,2,1,1
HAMMING,0.05,4,32,56,24,75.0,1,1,1,1
HAMMING,0.05,4,32,56,24,75.0,2,2,1,1
HAMMING,0.05,4,32,56,24,75.0,3,2,1,0
HAMMING,0.05,4,32,56,24,75.0,1,1,1,1
HAMMING,0.05,4,32,56,24,75.0,3,3,1,1
HAMMING,0.05,4,32,56,24,75.0,4,4,1,1
HAMMING,0.05,4,32,56,24,75.0,0,0,1,1
HAMMING,0.05,4,32,56,24,75.0,1,1,1,1
HAMMING,0.05,4,32,56,24,75.0,1,1,1,1
HAMMING,0.05,4,32,56,24,75.0,3,3,1,1
HAMMING,0.05,4,32,56,24,75.0,2,1,1,0
HAMMING,0.05,4,32,56,24,75.0,5,5,1,1
HAMMING,0.05,4,32,56,24,75.0,2,2,1,1
HAMMING,0.05,4,32,56,24,75.0,3,3,1,1
HAMMING,0.05,4,32,56,24,75.0,1,1,1,1
HAMMING,0.05,4,32,56,24,75.0,4,3,1,0
HAMMING,0.05,4,32,56,24,75.0,3,3,1,1
HAMMING,0.05,4,32,56,24,75.0,1,1,1,1
HAMMING,0.05,4,32,56,24,75.0,0,0,1,1
HAMMING,0.05,4,32,56,24,75.0,4,2,1,0
HAMMING,0.05,4,32,56,24,75.0,1,1,1,1
HAMMING,0.05,4,32,56,24,75.0,4,3,1,0
HAMMING,0.05,8,64,112,48,75.0,7,5,1,0
HAMMING,0.05,8,64,112,48,75.0,6,5,1,0
HAMMING,0.05,8,64,112,48,75.0,5,5,1,1
HAMMING,0.05,8,64,112,48,75.0,7,5,1,0
HAMMING,0.05,8,64,112,48,75.0,6,6,1,1
HAMMING,0.05,8,64,112,48,75.0,5,5,1,1
HAMMING,0.05,8,64,112,48,75.0,6,5,1,0
HAMMING,0.05,8,64,112,48,75.0,5,4,1,0
HAMMING,0.05,8,64,112,48,75.0,4,4,1,1
HAMMING,0.05,8,64,112,48,75.0,6,6,1,1
HAMMING,0.05,8,64,112,48,75.0,9,7,1,0
HAMMING,0.05,8,64,112,48,75.0,7,6,1,0
HAMMING,0.05,8,64,112,48,75.0,5,4,1,0
HAMMING,0.05,8,64,112,48,75.0,6,4,1,0
HAMMING,0.05,8,64,112,48,75.0,6,6,1,1
HAMMING,0.05,8,64,112,48,75.0,6,5,1,0
HAMMING,0.05,8,64,112,48,75.0,7,7,1,1
HAMMING,0.05,8,64,112,48,75.0,11,9,1,0
HAMMING,0.05,8,64,112,48,75.0,5,5,1,1
HAMMING,0.05,8,64,112,48,75.0,7,7,1,1
HAMMING,0.05,8,64,112,48,75.0,6,5,1,0
HAMMING,0.05,8,64,112,48,75.0,5,5,1,1
HAMMING,0.05,8,64,112,48,75.0,4,4,1,1
HAMMING,0.05,8,64,112,48,75.0,6,4,1,0
HAMMING,0.05,8,64,112,48,75.0,5,4,1,0
HAMMING,0.05,8,64,112,48,75.0,5,4,1,0
HAMMING,0.05,8,64,112,48,75.0,7,7,1,1
HAMMING,0.05,8,64,112,48,75.0,5,4,1,0
HAMMING,0.05,8,64,112,48,75.0,5,5,1,1
HAMMING,0.05,8,64,112,48,75.0,3,2,1,0
HAMMING,0.05,8,64,112,48,75.0,5,5,1,1
HAMMING,0.05,8,64,112,48,75.0,1,1,1,1
HAMMING,0.05,8,64,112,48,75.0,0,0,1,1
HAMMING,0.05,8,64,112,48,75.0,4,4,1,1
HAMMING,0.05,8,64,112,48,75.0,7,6,1,0
HAMMING,0.05,8,64,112,48,75.0,4,4,1,1
HAMMING,0.05,8,64,112,48,75.0,8,6,1,0
HAMMING,0.05,8,64,112,48,75.0,5,5,1,1
HAMMING,0.05,8,64,112,48,75.0,4,3,1,0
HAMMING,0.05,8,64,112,48,75.0,8,6,1,0
HAMMING,0.05,16,128,224,96,75.0,14,13,1,0
HAMMING,0.05,16,128,224,96,75.0,11,10,1,0
HAMMING,0.05,16,128,224,96,75.0,15,13,1,0
HAMMING,0.05,16,128,224,96,75.0,14,11,1,0
HAMMING,0.05,16,128,224,96,75.0,18,14,1,0
HAMMING,0.05,16,128,224,96,75.0,8,7,1,0
HAMMING,0.05,16,128,224,96,75.0,12,9,1,0
HAMMING,0.05,16,128,224,96,75.0,10,9,1,0
HAMMING,0.05,16,128,224,96,75.0,11,10,1,0
HAMMING,0.05,16,128,224,96,75.0,24,16,1,0
HAMMING,0.05,16,128,224,96,75.0,4,3,1,0
HAMMING,0.05,16,128,224,96,75.0,14,12,1,0
HAMMING,0.05,16,128,224,96,75.0,13,12,1,0
HAMMING,0.05,16,128,224,96,75.0,15,12,1,0
HAMMING,0.05,16,128,224,96,75.0,13,11,1,0
HAMMING,0.05,16,128,224,96,75.0,13,10,1,0
HAMMING,0.05,16,128,224,96,75.0,8,8,1,1
HAMMING,0.05,16,128,224,96,75.0,10,9,1,0
HAMMING,0.05,16,128,224,96,75.0,7,6,1,0
HAMMING,0.05,16,128,224,96,75.0,16,12,1,0
HAMMING,0.05,16,128,224,96,75.0,8,7,1,0
HAMMING,0.05,16,128,224,96,75.0,8,7,1,0
HAMMING,0.05,16,128,224,96,75.0,17,12,1,0
HAMMING,0.05,16,128,224,96,75.0,12,10,1,0
HAMMING,0.05,16,128,224,96,75.0,15,12,1,0
HAMMING,0.05,16,128,224,96,75.0,8,8,1,1
HAMMING,0.05,16,128,224,96,75.0,11,9,1,0
HAMMING,0.05,16,128,224,96,75.0,9,8,1,0
HAMMING,0.05,16,128,224,96,75.0,10,7,1,0
HAMMING,0.05,16,128,224,96,75.0,6,6,1,1
HAMMING,0.05,16,128,224,96,75.0,13,12,1,0
HAMMING,0.05,16,128,224,96,75.0,7,6,1,0
HAMMING,0.05,16,128,224,96,75.0,7,7,1,1
HAMMING,0.05,16,128,224,96,75.0,11,11,1,1
HAMMING,0.05,16,128,224,96,75.0,13,12,1,0
HAMMING,0.05,16,128,224,96,75.0,15,12,1,0
HAMMING,0.05,16,128,224,96,75.0,13,11,1,0
HAMMING,0.05,16,128,224,96,75.0,12,10,1,0
HAMMING,0.05,16,128,224,96,75.0,8,8,1,1
HAMMING,0.05,16,128,224,96,75.0,6,6,1,1
HAMMING,0.05,32,256,448,192,75.0,16,15,1,0
HAMMING,0.05,32,256,448,192,75.0,19,15,1,0
HAMMING,0.05,32,256,448,192,75.0,17,15,1,0
HAMMING,0.05,32,256,448,192,75.0,24,19,1,0
HAMMING,0.05,32,256,448,192,75.0,17,15,1,0
HAMMING,0.05,32,256,448,192,75.0,27,24,1,0
HAMMING,0.05,32,256,448,192,75.0,29,26,1,0
HAMMING,0.05,32,256,448,192,75.0,15,14,1,0
HAMMING,0.05,32,256,448,192,75.0,16,14,1,0
HAMMING,0.05,32,256,448,192,75.0,20,17,1,0
HAMMING,0.05,32,256,448,192,75.0,24,18,1,0
HAMMING,0.05,32,256,448,192,75.0,21,19,1,0
HAMMING,0.05,32,256,448,192,75.0,24,21,1,0
HAMMING,0.05,32,256,448,192,75.0,23,20,1,0
HAMMING,0.05,32,256,448,192,75.0,30,25,1,0
HAMMING,0.05,32,256,448,192,75.0,22,20,1,0
HAMMING,0.05,32,256,448,192,75.0,22,19,1,0
HAMMING,0.05,32,256,448,192,75.0,24,19,1,0
HAMMING,0.05,32,256,448,192,75.0,15,15,1,1
HAMMING,0.05,32,256,448,192,75.0,24,19,1,0
HAMMING,0.05,32,256,448,192,75.0,18,13,1,0
HAMMING,0.05,32,256,448,192,75.0,31,24,1,0
HAMMING,0.05,32,256,448,192,75.0,29,27,1,0
HAMMING,0.05,32,256,448,192,75.0,32,28,1,0
HAMMING,0.05,32,256,448,192,75.0,24,21,1,0
HAMMING,0.05,32,256,448,192,75.0,20,18,1,0
HAMMING,0.05,32,256,448,192,75.0,25,22,1,0
HAMMING,0.05,32,256,448,192,75.0,26,23,1,0
HAMMING,0.05,32,256,448,192,75.0,27,23,1,0
HAMMING,0.05,32,256,448,192,75.0,24,21,1,0
HAMMING,0.05,32,256,448,192,75.0,24,21,1,0
HAMMING,0.05,32,256,448,192,75.0,29,23,1,0
HAMMING,0.05,32,256,448,192,75.0,26,24,1,0
HAMMING,0.05,32,256,448,192,75.0,24,21,1,0
HAMMING,0.05,32,256,448,192,75.0,21,17,1,0
HAMMING,0.05,32,256,448,192,75.0,24,20,1,0
HAMMING,0.05,32,256,448,192,75.0,20,16,1,0
HAMMING,0.05,32,256,448,192,75.0,13,12,1,0
HAMMING,0.05,32,256,448,192,75.0,29,23,1,0
HAMMING,0.05,32,256,448,192,75.0,13,10,1,0
HAMMING,0.05,64,512,896,384,75.0,46,41,1,0
HAMMING,0.05,64,512,896,384,75.0,39,32,1,0
HAMMING,0.05,64,512,896,384,75.0,50,40,1,0
HAMMING,0.05,64,512,896,384,75.0,33,31,1,0
HAMMING,0.05,64,512,896,384,75.0,41,37,1,0
HAMMING,0.05,64,512,896,384,75.0,48,43,1,0
HAMMING,0.05,64,512,896,384,75.0,51,42,1,0
HAMMING,0.05,64,512,896,384,75.0,42,36,1,0
HAMMING,0.05,64,512,896,384,75.0,49,40,1,0
HAMMING,0.05,64,512,896,384,75.0,40,34,1,0
HAMMING,0.05,64,512,896,384,75.0,52,47,1,0
HAMMING,0.05,64,512,896,384,75.0,39,35,1,0
HAMMING,0.05,64,512,896,384,75.0,41,37,1,0
HAMMING,0.05,64,512,896,384,75.0,44,39,1,0
HAMMING,0.05,64,512,896,384,75.0,47,40,1,0
HAMMING,0.05,64,512,896,384,75.0,50,42,1,0
HAMMING,0.05,64,512,896,384,75.0,52,47,1,0
HAMMING,0.05,64,512,896,384,75.0,45,38,1,0
HAMMING,0.05,64,512,896,384,75.0,38,33,1,0
HAMMING,0.05,64,512,896,384,75.0,53,47,1,0
HAMMING,0.05,64,512,896,384,75.0,47,40,1,0
HAMMING,0.05,64,512,896,384,75.0,41,34,1,0
HAMMING,0.05,64,512,896,384,75.0,46,37,1,0
HAMMING,0.05,64,512,896,384,75.0,55,46,1,0
HAMMING,0.05,64,512,896,384,75.0,47,40,1,0
HAMMING,0.05,64,512,896,384,75.0,39,36,1,0
HAMMING,0.05,64,512,896,384,75.0,51,43,1,0
HAMMING,0.05,64,512,896,384,75.0,49,42,1,0
HAMMING,0.05,64,512,896,384,75.0,46,42,1,0
HAMMING,0.05,64,512,896,384,75.0,43,37,1,0
HAMMING,0.05,64,512,896,384,75.0,53,45,1,0
HAMMING,0.05,64,512,896,384,75.0,53,42,1,0
HAMMING,0.05,64,512,896,384,75.0,40,36,1,0
HAMMING,0.05,64,512,896,384,75.0,41,34,1,0
HAMMING,0.05,64,512,896,384,75.0,38,34,1,0
HAMMING,0.05,64,512,896,384,75.0,38,33,1,0
HAMMING,0.05,64,512,896,384,75.0,43,37,1,0
HAMMING,0.05,64,512,896,384,75.0,50,39,1,0
HAMMING,0.05,64,512,896,384,75.0,45,39,1,0
HAMMING,0.05,64,512,896,384,75.0,47,41,1,0
HAMMING,0.05,128,1024,1792,768,75.0,99,84,1,0
HAMMING,0.05,128,1024,1792,768,75.0,93,81,1,0
HAMMING,0.05,128,1024,1792,768,75.0,99,84,1,0
HAMMING,0.05,128,1024,1792,768,75.0,93,83,1,0
HAMMING,0.05,128,1024,1792,768,75.0,83,70,1,0
HAMMING,0.05,128,1024,1792,768,75.0,88,76,1,0
HAMMING,0.05,128,1024,1792,768,75.0,87,73,1,0
HAMMING,0.05,128,1024,1792,768,75.0,79,70,1,0
HAMMING,0.05,128,1024,1792,768,75.0,89,76,1,0
HAMMING,0.05,128,1024,1792,768,75.0,92,83,1,0
HAMMING,0.05,128,1024,1792,768,75.0,85,78,1,0
HAMMING,0.05,128,1024,1792,768,75.0,97,81,1,0
HAMMING,0.05,128,1024,1792,768,75.0,82,76,1,0
HAMMING,0.05,128,1024,1792,768,75.0,108,92,1,0
HAMMING,0.05,128,1024,1792,768,75.0,102,84,1,0
HAMMING,0.05,128,1024,1792,768,75.0,87,74,1,0
HAMMING,0.05,128,1024,1792,768,75.0,98,82,1,0
HAMMING,0.05,128,1024,1792,768,75.0,82,73,1,0
HAMMING,0.05,128,1024,1792,768,75.0,107,90,1,0
HAMMING,0.05,128,1024,1792,768,75.0,80,68,1,0
HAMMING,0.05,128,1024,1792,768,75.0,96,85,1,0
HAMMING,0.05,128,1024,1792,768,75.0,97,79,1,0
HAMMING,0.05,128,1024,1792,768,75.0,77,69,1,0
HAMMING,0.05,128,1024,1792,768,75.0,82,74,1,0
HAMMING,0.05,128,1024,1792,768,75.0,91,76,1,0
HAMMING,0.05,128,1024,1792,768,75.0,86,77,1,0
HAMMING,0.05,128,1024,1792,768,75.0,104,89,1,0
HAMMING,0.05,128,1024,1792,768,75.0,85,77,1,0
HAMMING,0.05,128,1024,1792,768,75.0,101,84,1,0
HAMMING,0.05,128,1024,1792,768,75.0,92,76,1,0
HAMMING,0.05,128,1024,1792,768,75.0,100,83,1,0
HAMMING,0.05,128,1024,1792,768,75.0,75,67,1,0
HAMMING,0.05,128,1024,1792,768,75.0,69,62,1,0
HAMMING,0.05,128,1024,1792,768,75.0,91,78,1,0
HAMMING,0.05,128,1024,1792,768,75.0,72,66,1,0
HAMMING,0.05,128,1024,1792,768,75.0,80,71,1,0
HAMMING,0.05,128,1024,1792,768,75.0,92,77,1,0
HAMMING,0.05,128,1024,1792,768,75.0,84,72,1,0
HAMMING,0.05,128,1024,1792,768,75.0,80,73,1,0
HAMMING,0.05,128,1024,1792,768,75.0,106,85,1,0
HAMMING,0.1,4,32,56,24,75.0,2,2,1,1
HAMMING,0.1,4,32,56,24,75.0,5,4,1,0
HAMMING,0.1,4,32,56,24,75.0,7,4,1,0
HAMMING,0.1,4,32,56,24,75.0,7,4,1,0
HAMMING,0.1,4,32,56,24,75.0,6,6,1,1
HAMMING,0.1,4,32,56,24,75.0,2,2,1,1
HAMMING,0.1,4,32,56,24,75.0,3,2,1,0
HAMMING,0.1,4,32,56,24,75.0,6,5,1,0
HAMMING,0.1,4,32,56,24,75.0,6,5,1,0
HAMMING,0.1,4,32,56,24,75.0,2,2,1,1
HAMMING,0.1,4,32,56,24,75.0,4,3,1,0
HAMMING,0.1,4,32,56,24,75.0,11,5,1,0
HAMMING,0.1,4,32,56,24,75.0,6,5,1,0
HAMMING,0.1,4,32,56,24,75.0,4,3,1,0
HAMMING,0.1,4,32,56,24,75.0,3,3,1,1
HAMMING,0.1,4,32,56,24,75.0,8,7,1,0
HAMMING,0.1,4,32,56,24,75.0,5,3,1,0
HAMMING,0.1,4,32,56,24,75.0,4,4,1,1
HAMMING,0.1,4,32,56,24,75.0,5,4,1,0
HAMMING,0.1,4,32,56,24,75.0,5,4,1,0
HAMMING,0.1,4,32,56,24,75.0,4,4,1,1
HAMMING,0.1,4,32,56,24,75.0,7,5,1,0
HAMMING,0.1,4,32,56,24,75.0,8,6,1,0
HAMMING,0.1,4,32,56,24,75.0,5,4,1,0
HAMMING,0.1,4,32,56,24,75.0,5,4,1,0
HAMMING,0.1,4,32,56,24,75.0,6,4,1,0
HAMMING,0.1,4,32,56,24,75.0,5,4,1,0
HAMMING,0.1,4,32,56,24,75.0,4,3,1,0
HAMMING,0.1,4,32,56,24,75.0,3,3,1,1
HAMMING,0.1,4,32,56,24,75.0,9,5,1,0
HAMMING,0.1,4,32,56,24,75.0,3,3,1,1
HAMMING,0.1,4,32,56,24,75.0,7,5,1,0
HAMMING,0.1,4,32,56,24,75.0,6,4,1,0
HAMMING,0.1,4,32,56,24,75.0,5,3,1,0
HAMMING,0.1,4,32,56,24,75.0,6,4,1,0
HAMMING,0.1,4,32,56,24,75.0,3,2,1,0
HAMMING,0.1,4,32,56,24,75.0,9,5,1,0
HAMMING,0.1,4,32,56,24,75.0,3,3,1,1
HAMMING,0.1,4,32,56,24,75.0,4,4,1,1
HAMMING,0.1,4,32,56,24,75.0,4,4,1,1
HAMMING,0.1,8,64,112,48,75.0,14,11,1,0
HAMMING,0.1,8,64,112,48,75.0,11,10,1,0
HAMMING,0.1,8,64,112,48,75.0,18,13,1,0
HAMMING,0.1,8,64,112,48,75.0,12,10,1,0
HAMMING,0.1,8,64,112,48,75.0,8,7,1,0
HAMMING,0.1,8,64,112,48,75.0,11,9,1,0
HAMMING,0.1,8,64,112,48,75.0,9,5,1,0
HAMMING,0.1,8,64,112,48,75.0,10,8,1,0
HAMMING,0.1,8,64,112,48,75.0,16,12,1,0
HAMMING,0.1,8,64,112,48,75.0,14,14,1,1
HAMMING,0.1,8,64,112,48,75.0,13,11,1,0
HAMMING,0.1,8,64,112,48,75.0,7,7,1,1
HAMMING,0.1,8,64,112,48,75.0,13,9,1,0
HAMMING,0.1,8,64,112,48,75.0,13,9,1,0
HAMMING,0.1,8,64,112,48,75.0,10,6,1,0
HAMMING,0.1,8,64,112,48,75.0,7,6,1,0
HAMMING,0.1,8,64,112,48,75.0,5,5,1,1
HAMMING,0.1,8,64,112,48,75.0,10,8,1,0
HAMMING,0.1,8,64,112,48,75.0,11,7,1,0
HAMMING,0.1,8,64,112,48,75.0,13,9,1,0
HAMMING,0.1,8,64,112,48,75.0,13,9,1,0
HAMMING,0.1,8,64,112,48,75.0,10,6,1,0
HAMMING,0.1,8,64,112,48,75.0,13,10,1,0
HAMMING,0.1,8,64,112,48,75.0,15,12,1,0
HAMMING,0.1,8,64,112,48,75.0,15,11,1,0
HAMMING,0.1,8,64,112,48,75.0,22,13,1,0
HAMMING,0.1,8,64,112,48,75.0,18,12,1,0
HAMMING,0.1,8,64,112,48,75.0,12,8,1,0
HAMMING,0.1,8,64,112,48,75.0,13,11,1,0
HAMMING,0.1,8,64,112,48,75.0,8,6,1,0
HAMMING,0.1,8,64,112,48,75.0,13,9,1,0
HAMMING,0.1,8,64,112,48,75.0,9,8,1,0
HAMMING,0.1,8,64,112,48,75.0,10,5,1,0
HAMMING,0.1,8,64,112,48,75.0,9,6,1,0
HAMMING,0.1,8,64,112,48,75.0,13,10,1,0
HAMMING,0.1,8,64,112,48,75.0,7,5,1,0
HAMMING,0.1,8,64,112,48,75.0,13,9,1,0
HAMMING,0.1,8,64,112,48,75.0,11,8,1,0
HAMMING,0.1,8,64,112,48,75.0,16,9,1,0
HAMMING,0.1,8,64,112,48,75.0,15,13,1,0
HAMMING,0.1,16,128,224,96,75.0,28,20,1,0
HAMMING,0.1,16,128,224,96,75.0,15,12,1,0
HAMMING,0.1,16,128,224,96,75.0,18,13,1,0
HAMMING,0.1,16,128,224,96,75.0,23,19,1,0
HAMMING,0.1,16,128,224,96,75.0,26,20,1,0
HAMMING,0.1,16,128,224,96,75.0,21,16,1,0
HAMMING,0.1,16,128,224,96,75.0,26,20,1,0
HAMMING,0.1,16,128,224,96,75.0,20,13,1,0
HAMMING,0.1,16,128,224,96,75.0,16,13,1,0
HAMMING,0.1,16,128,224,96,75.0,20,12,1,0
HAMMING,0.1,16,128,224,96,75.0,26,20,1,0
HAMMING,0.1,16,128,224,96,75.0,25,16,1,0
HAMMING,0.1,16,128,224,96,75.0,20,16,1,0
HAMMING,0.1,16,128,224,96,75.0,23,19,1,0
HAMMING,0.1,16,128,224,96,75.0,22,14,1,0
HAMMING,0.1,16,128,224,96,75.0,19,14,1,0
HAMMING,0.1,16,128,224,96,75.0,21,16,1,0
HAMMING,0.1,16,128,224,96,75.0,23,14,1,0
HAMMING,0.1,16,128,224,96,75.0,18,16,1,0
HAMMING,0.1,16,128,224,96,75.0,22,20,1,0
HAMMING,0.1,16,128,224,96,75.0,18,14,1,0
HAMMING,0.1,16,128,224,96,75.0,29,20,1,0
HAMMING,0.1,16,128,224,96,75.0,25,19,1,0
HAMMING,0.1,16,128,224,96,75.0,20,16,1,0
HAMMING,0.1,16,128,224,96,75.0,19,14,1,0
HAMMING,0.1,16,128,224,96,75.0,19,16,1,0
HAMMING,0.1,16,128,224,96,75.0,20,15,1,0
HAMMING,0.1,16,128,224,96,75.0,17,16,1,0
HAMMING,0.1,16,128,224,96,75.0,26,21,1,0
HAMMING,0.1,16,128,224,96,75.0,11,9,1,0
HAMMING,0.1,16,128,224,96,75.0,22,16,1,0
HAMMING,0.1,16,128,224,96,75.0,19,16,1,0
HAMMING,0.1,16,128,224,96,75.0,20,15,1,0
HAMMING,0.1,16,128,224,96,75.0,23,18,1,0
HAMMING,0.1,16,128,224,96,75.0,37,21,1,0
HAMMING,0.1,16,128,224,96,75.0,21,15,1,0
HAMMING,0.1,16,128,224,96,75.0,19,15,1,0
HAMMING,0.1,16,128,224,96,75.0,20,18,1,0
HAMMING,0.1,16,128,224,96,75.0,21,19,1,0
HAMMING,0.1,16,128,224,96,75.0,22,18,1,0
HAMMING,0.1,32,256,448,192,75.0,36,27,1,0
HAMMING,0.1,32,256,448,192,75.0,55,35,1,0
HAMMING,0.1,32,256,448,192,75.0,46,34,1,0
HAMMING,0.1,32,256,448,192,75.0,39,32,1,0
HAMMING,0.1,32,256,448,192,75.0,47,33,1,0
HAMMING,0.1,32,256,448,192,75.0,47,33,1,0
HAMMING,0.1,32,256,448,192,75.0,38,30,1,0
HAMMING,0.1,32,256,448,192,75.0,53,40,1,0
HAMMING,0.1,32,256,448,192,75.0,39,28,1,0
HAMMING,0.1,32,256,448,192,75.0,43,31,1,0
HAMMING,0.1,32,256,448,192,75.0,48,33,1,0
HAMMING,0.1,32,256,448,192,75.0,52,37,1,0
HAMMING,0.1,32,256,448,192,75.0,40,31,1,0
HAMMING,0.1,32,256,448,192,75.0,44,38,1,0
HAMMING,0.1,32,256,448,192,75.0,48,36,1,0
HAMMING,0.1,32,256,448,192,75.0,45,34,1,0
HAMMING,0.1,32,256,448,192,75.0,44,37,1,0
HAMMING,0.1,32,256,448,192,75.0,34,26,1,0
HAMMING,0.1,32,256,448,192,75.0,45,31,1,0
HAMMING,0.1,32,256,448,192,75.0,43,35,1,0
HAMMING,0.1,32,256,448,192,75.0,46,34,1,0
HAMMING,0.1,32,256,448,192,75.0,39,32,1,0
HAMMING,0.1,32,256,448,192,75.0,45,31,1,0
HAMMING,0.1,32,256,448,192,75.0,44,33,1,0
HAMMING,0.1,32,256,448,192,75.0,39,30,1,0
HAMMING,0.1,32,256,448,192,75.0,49,35,1,0
HAMMING,0.1,32,256,448,192,75.0,42,28,1,0
HAMMING,0.1,32,256,448,192,75.0,58,41,1,0
HAMMING,0.1,32,256,448,192,75.0,43,29,1,0
HAMMING,0.1,32,256,448,192,75.0,41,32,1,0
HAMMING,0.1,32,256,448,192,75.0,48,38,1,0
HAMMING,0.1,32,256,448,192,75.0,49,35,1,0
HAMMING,0.1,32,256,448,192,75.0,58,42,1,0
HAMMING,0.1,32,256,448,192,75.0,54,39,1,0
HAMMING,0.1,32,256,448,192,75.0,51,37,1,0
HAMMING,0.1,32,256,448,192,75.0,37,26,1,0
HAMMING,0.1,32,256,448,192,75.0,37,29,1,0
HAMMING,0.1,32,256,448,192,75.0,44,36,1,0
HAMMING,0.1,32,256,448,192,75.0,41,32,1,0
HAMMING,0.1,32,256,448,192,75.0,57,40,1,0
HAMMING,0.1,64,512,896,384,75.0,102,77,1,0
HAMMING,0.1,64,512,896,384,75.0,102,73,1,0
HAMMING,0.1,64,512,896,384,75.0,89,67,1,0
HAMMING,0.1,64,512,896,384,75.0,85,64,1,0
HAMMING,0.1,64,512,896,384,75.0,81,59,1,0
HAMMING,0.1,64,512,896,384,75.0,76,63,1,0
HAMMING,0.1,64,512,896,384,75.0,89,69,1,0
HAMMING,0.1,64,512,896,384,75.0,88,63,1,0
HAMMING,0.1,64,512,896,384,75.0,81,65,1,0
HAMMING,0.1,64,512,896,384,75.0,87,67,1,0
HAMMING,0.1,64,512,896,384,75.0,93,67,1,0
HAMMING,0.1,64,512,896,384,75.0,101,67,1,0
HAMMING,0.1,64,512,896,384,75.0,100,77,1,0
HAMMING,0.1,64,512,896,384,75.0,94,68,1,0
HAMMING,0.1,64,512,896,384,75.0,89,64,1,0
HAMMING,0.1,64,512,896,384,75.0,77,58,1,0
HAMMING,0.1,64,512,896,384,75.0,82,65,1,0
HAMMING,0.1,64,512,896,384,75.0,101,72,1,0
HAMMING,0.1,64,512,896,384,75.0,97,70,1,0
HAMMING,0.1,64,512,896,384,75.0,95,72,1,0
HAMMING,0.1,64,512,896,384,75.0,89,63,1,0
HAMMING,0.1,64,512,896,384,75.0,102,69,1,0
HAMMING,0.1,64,512,896,384,75.0,93,68,1,0
HAMMING,0.1,64,512,896,384,75.0,84,62,1,0
HAMMING,0.1,64,512,896,384,75.0,87,64,1,0
HAMMING,0.1,64,512,896,384,75.0,88,67,1,0
HAMMING,0.1,64,512,896,384,75.0,91,68,1,0
HAMMING,0.1,64,512,896,384,75.0,80,66,1,0
HAMMING,0.1,64,512,896,384,75.0,84,60,1,0
HAMMING,0.1,64,512,896,384,75.0,100,65,1,0
HAMMING,0.1,64,512,896,384,75.0,93,69,1,0
HAMMING,0.1,64,512,896,384,75.0,83,53,1,0
HAMMING,0.1,64,512,896,384,75.0,92,68,1,0
HAMMING,0.1,64,512,896,384,75.0,79,61,1,0
HAMMING,0.1,64,512,896,384,75.0,100,70,1,0
HAMMING,0.1,64,512,896,384,75.0,77,61,1,0
HAMMING,0.1,64,512,896,384,75.0,108,77,1,0
HAMMING,0.1,64,512,896,384,75.0,106,76,1,0
HAMMING,0.1,64,512,896,384,75.0,93,68,1,0
HAMMING,0.1,64,512,896,384,75.0,97,72,1,0
HAMMING,0.1,128,1024,1792,768,75.0,166,132,1,0
HAMMING,0.1,128,1024,1792,768,75.0,170,120,1,0
HAMMING,0.1,128,1024,1792,768,75.0,164,129,1,0
HAMMING,0.1,128,1024,1792,768,75.0,197,137,1,0
HAMMING,0.1,128,1024,1792,768,75.0,162,118,1,0
HAMMING,0.1,128,1024,1792,768,75.0,178,135,1,0
HAMMING,0.1,128,1024,1792,768,75.0,183,132,1,0
HAMMING,0.1,128,1024,1792,768,75.0,179,133,1,0
HAMMING,0.1,128,1024,1792,768,75.0,190,143,1,0
HAMMING,0.1,128,1024,1792,768,75.0,163,122,1,0
HAMMING,0.1,128,1024,1792,768,75.0,190,127,1,0
HAMMING,0.1,128,1024,1792,768,75.0,189,134,1,0
HAMMING,0.1,128,1024,1792,768,75.0,181,137,1,0
HAMMING,0.1,128,1024,1792,768,75.0,171,122,1,0
HAMMING,0.1,128,1024,1792,768,75.0,171,123,1,0
HAMMING,0.1,128,1024,1792,768,75.0,184,135,1,0
HAMMING,0.1,128,1024,1792,768,75.0,209,146,1,0
HAMMING,0.1,128,1024,1792,768,75.0,193,143,1,0
HAMMING,0.1,128,1024,1792,768,75.0,188,131,1,0
HAMMING,0.1,128,1024,1792,768,75.0,175,135,1,0
HAMMING,0.1,128,1024,1792,768,75.0,179,129,1,0
HAMMING,0.1,128,1024,1792,768,75.0,202,145,1,0
HAMMING,0.1,128,1024,1792,768,75.0,181,128,1,0
HAMMING,0.1,128,1024,1792,768,75.0,161,123,1,0
HAMMING,0.1,128,1024,1792,768,75.0,197,128,1,0
HAMMING,0.1,128,1024,1792,768,75.0,170,132,1,0
HAMMING,0.1,128,1024,1792,768,75.0,195,132,1,0
HAMMING,0.1,128,1024,1792,768,75.0,199,152,1,0
HAMMING,0.1,128,1024,1792,768,75.0,169,123,1,0
HAMMING,0.1,128,1024,1792,768,75.0,191,142,1,0
HAMMING,0.1,128,1024,1792,768,75.0,177,128,1,0
HAMMING,0.1,128,1024,1792,768,75.0,170,130,1,0
HAMMING,0.1,128,1024,1792,768,75.0,193,139,1,0
HAMMING,0.1,128,1024,1792,768,75.0,176,129,1,0
HAMMING,0.1,128,1024,1792,768,75.0,176,135,1,0
HAMMING,0.1,128,1024,1792,768,75.0,177,139,1,0
HAMMING,0.1,128,1024,1792,768,75.0,190,144,1,0
HAMMING,0.1,128,1024,1792,768,75.0,179,130,1,0
HAMMING,0.1,128,1024,1792,768,75.0,201,137,1,0
HAMMING,0.1,128,1024,1792,768,75.0,189,144,1,0
CRC32,0.001,4,32,64,32,100.0,0,0,1,1
CRC32,0.001,4,32,64,32,100.0,0,0,1,1
CRC32,0.001,4,32,64,32,100.0,0,0,1,1
CRC32,0.001,4,32,64,32,100.0,2,0,0,0
CRC32,0.001,4,32,64,32,100.0,0,0,1,1
CRC32,0.001,4,32,64,32,100.0,0,0,1,1
CRC32,0.001,4,32,64,32,100.0,0,0,1,1
CRC32,0.001,4,32,64,32,100.0,0,0,1,1
CRC32,0.001,4,32,64,32,100.0,0,0,1,1
CRC32,0.001,4,32,64,32,100.0,0,0,1,1
CRC32,0.001,4,32,64,32,100.0,0,0,1,1
CRC32,0.001,4,32,64,32,100.0,0,0,1,1
CRC32,0.001,4,32,64,32,100.0,0,0,1,1
CRC32,0.001,4,32,64,32,100.0,0,0,1,1
CRC32,0.001,4,32,64,32,100.0,0,0,1,1
CRC32,0.001,4,32,64,32,100.0,0,0,1,1
CRC32,0.001,4,32,64,32,100.0,0,0,1,1
CRC32,0.001,4,32,64,32,100.0,0,0,1,1
CRC32,0.001,4,32,64,32,100.0,1,0,0,0
CRC32,0.001,4,32,64,32,100.0,0,0,1,1
CRC32,0.001,4,32,64,32,100.0,0,0,1,1
CRC32,0.001,4,32,64,32,100.0,0,0,1,1
CRC32,0.001,4,32,64,32,100.0,0,0,1,1
CRC32,0.001,4,32,64,32,100.0,0,0,1,1
CRC32,0.001,4,32,64,32,100.0,0,0,1,1
CRC32,0.001,4,32,64,32,100.0,0,0,1,1
CRC32,0.001,4,32,64,32,100.0,0,0,1,1
CRC32,0.001,4,32,64,32,100.0,0,0,1,1
CRC32,0.001,4,32,64,32,100.0,0,0,1,1
CRC32,0.001,4,32,64,32,100.0,0,0,1,1
CRC32,0.001,4,32,64,32,100.0,0,0,1,1
CRC32,0.001,4,32,64,32,100.0,0,0,1,1
CRC32,0.001,4,32,64,32,100.0,0,0,1,1
CRC32,0.001,4,32,64,32,100.0,0,0,1,1
CRC32,0.001,4,32,64,32,100.0,0,0,1,1
CRC32,0.001,4,32,64,32,100.0,0,0,1,1
CRC32,0.001,4,32,64,32,100.0,0,0,1,1
CRC32,0.001,4,32,64,32,100.0,0,0,1,1
CRC32,0.001,4,32,64,32,100.0,0,0,1,1
CRC32,0.001,4,32,64,32,100.0,0,0,1,1
CRC32,0.001,8,64,96,32,50.0,0,0,1,1
CRC32,0.001,8,64,96,32,50.0,0,0,1,1
CRC32,0.001,8,64,96,32,50.0,0,0,1,1
CRC32,0.001,8,64,96,32,50.0,0,0,1,1
CRC32,0.001,8,64,96,32,50.0,0,0,1,1
CRC32,0.001,8,64,96,32,50.0,0,0,1,1
CRC32,0.001,8,64,96,32,50.0,0,0,1,1
CRC32,0.001,8,64,96,32,50.0,0,0,1,1
CRC32,0.001,8,64,96,32,50.0,0,0,1,1
CRC32,0.001,8,64,96,32,50.0,0,0,1,1
CRC32,0.001,8,64,96,32,50.0,0,0,1,1
CRC32,0.001,8,64,96,32,50.0,0,0,1,1
CRC32,0.001,8,64,96,32,50.0,0,0,1,1
CRC32,0.001,8,64,96,32,50.0,0,0,1,1
CRC32,0.001,8,64,96,32,50.0,0,0,1,1
CRC32,0.001,8,64,96,32,50.0,0,0,1,1
CRC32,0.001,8,64,96,32,50.0,0,0,1,1
CRC32,0.001,8,64,96,32,50.0,0,0,1,1
CRC32,0.001,8,64,96,32,50.0,0,0,1,1
CRC32,0.001,8,64,96,32,50.0,0,0,1,1
CRC32,0.001,8,64,96,32,50.0,0,0,1,1
CRC32,0.001,8,64,96,32,50.0,0,0,1,1
CRC32,0.001,8,64,96,32,50.0,0,0,1,1
CRC32,0.001,8,64,96,32,50.0,0,0,1,1
CRC32,0.001,8,64,96,32,50.0,0,0,1,1
CRC32,0.001,8,64,96,32,50.0,0,0,1,1
CRC32,0.001,8,64,96,32,50.0,0,0,1,1
CRC32,0.001,8,64,96,32,50.0,0,0,1,1
CRC32,0.001,8,64,96,32,50.0,1,0,0,1
CRC32,0.001,8,64,96,32,50.0,0,0,1,1
CRC32,0.001,8,64,96,32,50.0,0,0,1,1
CRC32,0.001,8,64,96,32,50.0,0,0,1,1
CRC32,0.001,8,64,96,32,50.0,0,0,1,1
CRC32,0.001,8,64,96,32,50.0,0,0,1,1
CRC32,0.001,8,64,96,32,50.0,0,0,1,1
CRC32,0.001,8,64,96,32,50.0,0,0,1,1
CRC32,0.001,8,64,96,32,50.0,0,0,1,1
CRC32,0.001,8,64,96,32,50.0,0,0,1,1
CRC32,0.001,8,64,96,32,50.0,0,0,1,1
CRC32,0.001,8,64,96,32,50.0,0,0,1,1
CRC32,0.001,16,128,160,32,25.0,0,0,1,1
CRC32,0.001,16,128,160,32,25.0,0,0,1,1
CRC32,0.001,16,128,160,32,25.0,1,0,0,0
CRC32,0.001,16,128,160,32,25.0,0,0,1,1
CRC32,0.001,16,128,160,32,25.0,0,0,1,1
CRC32,0.001,16,128,160,32,25.0,0,0,1,1
CRC32,0.001,16,128,160,32,25.0,0,0,1,1
CRC32,0.001,16,128,160,32,25.0,0,0,1,1
CRC32,0.001,16,128,160,32,25.0,0,0,1,1
CRC32,0.001,16,128,160,32,25.0,0,0,1,1
CRC32,0.001,16,128,160,32,25.0,0,0,1,1
CRC32,0.001,16,128,160,32,25.0,0,0,1,1
CRC32,0.001,16,128,160,32,25.0,0,0,1,1
CRC32,0.001,16,128,160,32,25.0,0,0,1,1
CRC32,0.001,16,128,160,32,25.0,1,0,0,1
CRC32,0.001,16,128,160,32,25.0,0,0,1,1
CRC32,0.001,16,128,160,32,25.0,1,0,0,0
CRC32,0.001,16,128,160,32,25.0,0,0,1,1
CRC32,0.001,16,128,160,32,25.0,1,0,0,0
CRC32,0.001,16,128,160,32,25.0,2,0,0,0
CRC32,0.001,16,128,160,32,25.0,0,0,1,1
CRC32,0.001,16,128,160,32,25.0,0,0,1,1
CRC32,0.001,16,128,160,32,25.0,1,0,0,0
CRC32,0.001,16,128,160,32,25.0,0,0,1,1
CRC32,0.001,16,128,160,32,25.0,0,0,1,1
CRC32,0.001,16,128,160,32,25.0,0,0,1,1
CRC32,0.001,16,128,160,32,25.0,1,0,0,0
CRC32,0.001,16,128,160,32,25.0,0,0,1,1
CRC32,0.001,16,128,160,32,25.0,0,0,1,1
CRC32,0.001,16,128,160,32,25.0,0,0,1,1
CRC32,0.001,16,128,160,32,25.0,0,0,1,1
CRC32,0.001,16,128,160,32,25.0,0,0,1,1
CRC32,0.001,16,128,160,32,25.0,0,0,1,1
CRC32,0.001,16,128,160,32,25.0,0,0,1,1
CRC32,0.001,16,128,160,32,25.0,1,0,0,0
CRC32,0.001,16,128,160,32,25.0,0,0,1,1
CRC32,0.001,16,128,160,32,25.0,0,0,1,1
CRC32,0.001,16,128,160,32,25.0,0,0,1,1
CRC32,0.001,16,128,160,32,25.0,1,0,0,0
CRC32,0.001,16,128,160,32,25.0,0,0,1,1
CRC32,0.001,32,256,288,32,12.5,0,0,1,1
CRC32,0.001,32,256,288,32,12.5,0,0,1,1
CRC32,0.001,32,256,288,32,12.5,0,0,1,1
CRC32,0.001,32,256,288,32,12.5,0,0,1,1
CRC32,0.001,32,256,288,32,12.5,1,0,0,0
CRC32,0.001,32,256,288,32,12.5,0,0,1,1
CRC32,0.001,32,256,288,32,12.5,0,0,1,1
CRC32,0.001,32,256,288,32,12.5,0,0,1,1
CRC32,0.001,32,256,288,32,12.5,2,0,0,0
CRC32,0.001,32,256,288,32,12.5,0,0,1,1
CRC32,0.001,32,256,288,32,12.5,0,0,1,1
CRC32,0.001,32,256,288,32,12.5,1,0,0,0
CRC32,0.001,32,256,288,32,12.5,0,0,1,1
CRC32,0.001,32,256,288,32,12.5,0,0,1,1
CRC32,0.001,32,256,288,32,12.5,0,0,1,1
CRC32,0.001,32,256,288,32,12.5,0,0,1,1
CRC32,0.001,32,256,288,32,12.5,1,0,0,0
CRC32,0.001,32,256,288,32,12.5,1,0,0,0
CRC32,0.001,32,256,288,32,12.5,1,0,0,1
CRC32,0.001,32,256,288,32,12.5,1,0,0,0
CRC32,0.001,32,256,288,32,12.5,0,0,1,1
CRC32,0.001,32,256,288,32,12.5,0,0,1,1
CRC32,0.001,32,256,288,32,12.5,1,0,0,0
CRC32,0.001,32,256,288,32,12.5,0,0,1,1
CRC32,0.001,32,256,288,32,12.5,0,0,1,1
CRC32,0.001,32,256,288,32,12.5,0,0,1,1
CRC32,0.001,32,256,288,32,12.5,0,0,1,1
CRC32,0.001,32,256,288,32,12.5,1,0,0,0
CRC32,0.001,32,256,288,32,12.5,0,0,1,1
CRC32,0.001,32,256,288,32,12.5,0,0,1,1
CRC32,0.001,32,256,288,32,12.5,0,0,1,1
CRC32,0.001,32,256,288,32,12.5,2,0,0,0
CRC32,0.001,32,256,288,32,12.5,1,0,0,0
CRC32,0.001,32,256,288,32,12.5,0,0,1,1
CRC32,0.001,32,256,288,32,12.5,1,0,0,0
CRC32,0.001,32,256,288,32,12.5,0,0,1,1
CRC32,0.001,32,256,288,32,12.5,0,0,1,1
CRC32,0.001,32,256,288,32,12.5,0,0,1,1
CRC32,0.001,32,256,288,32,12.5,2,0,0,0
CRC32,0.001,32,256,288,32,12.5,0,0,1,1
CRC32,0.001,64,512,544,32,6.25,0,0,1,1
CRC32,0.001,64,512,544,32,6.25,2,0,0,0
CRC32,0.001,64,512,544,32,6.25,0,0,1,1
CRC32,0.001,64,512,544,32,6.25,0,0,1,1
CRC32,0.001,64,512,544,32,6.25,0,0,1,1
CRC32,0.001,64,512,544,32,6.25,1,0,0,0
CRC32,0.001,64,512,544,32,6.25,2,0,0,0
CRC32,0.001,64,512,544,32,6.25,0,0,1,1
CRC32,0.001,64,512,544,32,6.25,1,0,0,0
CRC32,0.001,64,512,544,32,6.25,0,0,1,1
CRC32,0.001,64,512,544,32,6.25,0,0,1,1
CRC32,0.001,64,512,544,32,6.25,0,0,1,1
CRC32,0.001,64,512,544,32,6.25,1,0,0,0
CRC32,0.001,64,512,544,32,6.25,0,0,1,1
CRC32,0.001,64,512,544,32,6.25,1,0,0,0
CRC32,0.001,64,512,544,32,6.25,0,0,1,1
CRC32,0.001,64,512,544,32,6.25,1,0,0,0
CRC32,0.001,64,512,544,32,6.25,0,0,1,1
CRC32,0.001,64,512,544,32,6.25,0,0,1,1
CRC32,0.001,64,512,544,32,6.25,2,0,0,0
CRC32,0.001,64,512,544,32,6.25,0,0,1,1
CRC32,0.001,64,512,544,32,6.25,0,0,1,1
CRC32,0.001,64,512,544,32,6.25,1,0,0,0
CRC32,0.001,64,512,544,32,6.25,0,0,1,1
CRC32,0.001,64,512,544,32,6.25,0,0,1,1
CRC32,0.001,64,512,544,32,6.25,0,0,1,1
CRC32,0.001,64,512,544,32,6.25,0,0,1,1
CRC32,0.001,64,512,544,32,6.25,0,0,1,1
CRC32,0.001,64,512,544,32,6.25,0,0,1,1
CRC32,0.001,64,512,544,32,6.25,0,0,1,1
CRC32,0.001,64,512,544,32,6.25,0,0,1,1
CRC32,0.001,64,512,544,32,6.25,2,0,0,0
CRC32,0.001,64,512,544,32,6.25,0,0,1,1
CRC32,0.001,64,512,544,32,6.25,0,0,1,1
CRC32,0.001,64,512,544,32,6.25,0,0,1,1
CRC32,0.001,64,512,544,32,6.25,1,0,0,0
CRC32,0.001,64,512,544,32,6.25,0,0,1,1
CRC32,0.001,64,512,544,32,6.25,0,0,1,1
CRC32,0.001,64,512,544,32,6.25,2,0,0,0
CRC32,0.001,64,512,544,32,6.25,0,0,1,1
CRC32,0.001,128,1024,1056,32,3.12,0,0,1,1
CRC32,0.001,128,1024,1056,32,3.12,1,0,0,0
CRC32,0.001,128,1024,1056,32,3.12,2,0,0,0
CRC32,0.001,128,1024,1056,32,3.12,0,0,1,1
CRC32,0.001,128,1024,1056,32,3.12,0,0,1,1
CRC32,0.001,128,1024,1056,32,3.12,1,0,0,0
CRC32,0.001,128,1024,1056,32,3.12,2,0,0,0
CRC32,0.001,128,1024,1056,32,3.12,0,0,1,1
CRC32,0.001,128,1024,1056,32,3.12,0,0,1,1
CRC32,0.001,128,1024,1056,32,3.12,1,0,0,0
CRC32,0.001,128,1024,1056,32,3.12,2,0,0,0
CRC32,0.001,128,1024,1056,32,3.12,0,0,1,1
CRC32,0.001,128,1024,1056,32,3.12,2,0,0,0
CRC32,0.001,128,1024,1056,32,3.12,0,0,1,1
CRC32,0.001,128,1024,1056,32,3.12,0,0,1,1
CRC32,0.001,128,1024,1056,32,3.12,0,0,1,1
CRC32,0.001,128,1024,1056,32,3.12,0,0,1,1
CRC32,0.001,128,1024,1056,32,3.12,3,0,0,0
CRC32,0.001,128,1024,1056,32,3.12,0,0,1,1
CRC32,0.001,128,1024,1056,32,3.12,0,0,1,1
CRC32,0.001,128,1024,1056,32,3.12,1,0,0,0
CRC32,0.001,128,1024,1056,32,3.12,2,0,0,0
CRC32,0.001,128,1024,1056,32,3.12,0,0,1,1
CRC32,0.001,128,1024,1056,32,3.12,1,0,0,0
CRC32,0.001,128,1024,1056,32,3.12,0,0,1,1
CRC32,0.001,128,1024,1056,32,3.12,1,0,0,0
CRC32,0.001,128,1024,1056,32,3.12,2,0,0,0
CRC32,0.001,128,1024,1056,32,3.12,0,0,1,1
CRC32,0.001,128,1024,1056,32,3.12,1,0,0,0
CRC32,0.001,128,1024,1056,32,3.12,0,0,1,1
CRC32,0.001,128,1024,1056,32,3.12,2,0,0,0
CRC32,0.001,128,1024,1056,32,3.12,1,0,0,1
CRC32,0.001,128,1024,1056,32,3.12,1,0,0,0
CRC32,0.001,128,1024,1056,32,3.12,0,0,1,1
CRC32,0.001,128,1024,1056,32,3.12,0,0,1,1
CRC32,0.001,128,1024,1056,32,3.12,2,0,0,0
CRC32,0.001,128,1024,1056,32,3.12,2,0,0,0
CRC32,0.001,128,1024,1056,32,3.12,0,0,1,1
CRC32,0.001,128,1024,1056,32,3.12,1,0,0,0
CRC32,0.001,128,1024,1056,32,3.12,1,0,0,0
CRC32,0.005,4,32,64,32,100.0,1,0,0,1
CRC32,0.005,4,32,64,32,100.0,0,0,1,1
CRC32,0.005,4,32,64,32,100.0,0,0,1,1
CRC32,0.005,4,32,64,32,100.0,1,0,0,1
CRC32,0.005,4,32,64,32,100.0,0,0,1,1
CRC32,0.005,4,32,64,32,100.0,0,0,1,1
CRC32,0.005,4,32,64,32,100.0,0,0,1,1
CRC32,0.005,4,32,64,32,100.0,0,0,1,1
CRC32,0.005,4,32,64,32,100.0,0,0,1,1
CRC32,0.005,4,32,64,32,100.0,1,0,0,0
CRC32,0.005,4,32,64,32,100.0,0,0,1,1
CRC32,0.005,4,32,64,32,100.0,0,0,1,1
CRC32,0.005,4,32,64,32,100.0,0,0,1,1
CRC32,0.005,4,32,64,32,100.0,0,0,1,1
CRC32,0.005,4,32,64,32,100.0,0,0,1,1
CRC32,0.005,4,32,64,32,100.0,0,0,1,1
CRC32,0.005,4,32,64,32,100.0,0,0,1,1
CRC32,0.005,4,32,64,32,100.0,1,0,0,1
CRC32,0.005,4,32,64,32,100.0,0,0,1,1
CRC32,0.005,4,32,64,32,100.0,1,0,0,0
CRC32,0.005,4,32,64,32,100.0,0,0,1,1
CRC32,0.005,4,32,64,32,100.0,0,0,1,1
CRC32,0.005,4,32,64,32,100.0,0,0,1,1
CRC32,0.005,4,32,64,32,100.0,0,0,1,1
CRC32,0.005,4,32,64,32,100.0,0,0,1,1
CRC32,0.005,4,32,64,32,100.0,1,0,0,1
CRC32,0.005,4,32,64,32,100.0,0,0,1,1
CRC32,0.005,4,32,64,32,100.0,0,0,1,1
CRC32,0.005,4,32,64,32,100.0,1,0,0,1
CRC32,0.005,4,32,64,32,100.0,2,0,0,0
CRC32,0.005,4,32,64,32,100.0,0,0,1,1
CRC32,0.005,4,32,64,32,100.0,0,0,1,1
CRC32,0.005,4,32,64,32,100.0,0,0,1,1
CRC32,0.005,4,32,64,32,100.0,0,0,1,1
CRC32,0.005,4,32,64,32,100.0,1,0,0,1
CRC32,0.005,4,32,64,32,100.0,0,0,1,1
CRC32,0.005,4,32,64,32,100.0,2,0,0,1
CRC32,0.005,4,32,64,32,100.0,0,0,1,1
CRC32,0.005,4,32,64,32,100.0,1,0,0,0
CRC32,0.005,4,32,64,32,100.0,0,0,1,1
CRC32,0.005,8,64,96,32,50.0,1,0,0,1
CRC32,0.005,8,64,96,32,50.0,0,0,1,1
CRC32,0.005,8,64,96,32,50.0,2,0,0,0
CRC32,0.005,8,64,96,32,50.0,2,0,0,0
CRC32,0.005,8,64,96,32,50.0,0,0,1,1
CRC32,0.005,8,64,96,32,50.0,1,0,0,0
CRC32,0.005,8,64,96,32,50.0,1,0,0,0
CRC32,0.005,8,64,96,32,50.0,2,0,0,0
CRC32,0.005,8,64,96,32,50.0,0,0,1,1
CRC32,0.005,8,64,96,32,50.0,0,0,1,1
CRC32,0.005,8,64,96,32,50.0,1,0,0,1
CRC32,0.005,8,64,96,32,50.0,1,0,0,1
CRC32,0.005,8,64,96,32,50.0,1,0,0,0
CRC32,0.005,8,64,96,32,50.0,0,0,1,1
CRC32,0.005,8,64,96,32,50.0,0,0,1,1
CRC32,0.005,8,64,96,32,50.0,0,0,1,1
CRC32,0.005,8,64,96,32,50.0,0,0,1,1
CRC32,0.005,8,64,96,32,50.0,1,0,0,1
CRC32,0.005,8,64,96,32,50.0,0,0,1,1
CRC32,0.005,8,64,96,32,50.0,0,0,1,1
CRC32,0.005,8,64,96,32,50.0,0,0,1,1
CRC32,0.005,8,64,96,32,50.0,0,0,1,1
CRC32,0.005,8,64,96,32,50.0,0,0,1,1
CRC32,0.005,8,64,96,32,50.0,2,0,0,0
CRC32,0.005,8,64,96,32,50.0,0,0,1,1
CRC32,0.005,8,64,96,32,50.0,0,0,1,1
CRC32,0.005,8,64,96,32,50.0,0,0,1,1
CRC32,0.005,8,64,96,32,50.0,0,0,1,1
CRC32,0.005,8,64,96,32,50.0,1,0,0,1
CRC32,0.005,8,64,96,32,50.0,0,0,1,1
CRC32,0.005,8,64,96,32,50.0,0,0,1,1
CRC32,0.005,8,64,96,32,50.0,0,0,1,1
CRC32,0.005,8,64,96,32,50.0,0,0,1,1
CRC32,0.005,8,64,96,32,50.0,1,0,0,0
CRC32,0.005,8,64,96,32,50.0,1,0,0,0
CRC32,0.005,8,64,96,32,50.0,1,0,0,0
CRC32,0.005,8,64,96,32,50.0,0,0,1,1
CRC32,0.005,8,64,96,32,50.0,0,0,1,1
CRC32,0.005,8,64,96,32,50.0,1,0,0,1
CRC32,0.005,8,64,96,32,50.0,0,0,1,1
CRC32,0.005,16,128,160,32,25.0,0,0,1,1
CRC32,0.005,16,128,160,32,25.0,0,0,1,1
CRC32,0.005,16,128,160,32,25.0,0,0,1,1
CRC32,0.005,16,128,160,32,25.0,1,0,0,0
CRC32,0.005,16,128,160,32,25.0,0,0,1,1
CRC32,0.005,16,128,160,32,25.0,0,0,1,1
CRC32,0.005,16,128,160,32,25.0,2,0,0,0
CRC32,0.005,16,128,160,32,25.0,0,0,1,1
CRC32,0.005,16,128,160,32,25.0,0,0,1,1
CRC32,0.005,16,128,160,32,25.0,1,0,0,0
CRC32,0.005,16,128,160,32,25.0,0,0,1,1
CRC32,0.005,16,128,160,32,25.0,1,0,0,0
CRC32,0.005,16,128,160,32,25.0,2,0,0,0
CRC32,0.005,16,128,160,32,25.0,1,0,0,0
CRC32,0.005,16,128,160,32,25.0,1,0,0,0
CRC32,0.005,16,128,160,32,25.0,0,0,1,1
CRC32,0.005,16,128,160,32,25.0,3,0,0,0
CRC32,0.005,16,128,160,32,25.0,0,0,1,1
CRC32,0.005,16,128,160,32,25.0,2,0,0,0
CRC32,0.005,16,128,160,32,25.0,0,0,1,1
CRC32,0.005,16,128,160,32,25.0,0,0,1,1
CRC32,0.005,16,128,160,32,25.0,0,0,1,1
CRC32,0.005,16,128,160,32,25.0,0,0,1,1
CRC32,0.005,16,128,160,32,25.0,0,0,1,1
CRC32,0.005,16,128,160,32,25.0,0,0,1,1
CRC32,0.005,16,128,160,32,25.0,0,0,1,1
CRC32,0.005,16,128,160,32,25.0,0,0,1,1
CRC32,0.005,16,128,160,32,25.0,2,0,0,0
CRC32,0.005,16,128,160,32,25.0,3,0,0,0
CRC32,0.005,16,128,160,32,25.0,2,0,0,0
CRC32,0.005,16,128,160,32,25.0,1,0,0,0
CRC32,0.005,16,128,160,32,25.0,0,0,1,1
CRC32,0.005,16,128,160,32,25.0,0,0,1,1
CRC32,0.005,16,128,160,32,25.0,0,0,1,1
CRC32,0.005,16,128,160,32,25.0,0,0,1,1
CRC32,0.005,16,128,160,32,25.0,0,0,1,1
CRC32,0.005,16,128,160,32,25.0,2,0,0,0
CRC32,0.005,16,128,160,32,25.0,2,0,0,0
CRC32,0.005,16,128,160,32,25.0,0,0,1,1
CRC32,0.005,16,128,160,32,25.0,0,0,1,1
CRC32,0.005,32,256,288,32,12.5,0,0,1,1
CRC32,0.005,32,256,288,32,12.5,3,0,0,0
CRC32,0.005,32,256,288,32,12.5,2,0,0,0
CRC32,0.005,32,256,288,32,12.5,2,0,0,0
CRC32,0.005,32,256,288,32,12.5,3,0,0,0
CRC32,0.005,32,256,288,32,12.5,3,0,0,0
CRC32,0.005,32,256,288,32,12.5,0,0,1,1
CRC32,0.005,32,256,288,32,12.5,1,0,0,0
CRC32,0.005,32,256,288,32,12.5,1,0,0,0
CRC32,0.005,32,256,288,32,12.5,2,0,0,0
CRC32,0.005,32,256,288,32,12.5,1,0,0,0
CRC32,0.005,32,256,288,32,12.5,2,0,0,0
CRC32,0.005,32,256,288,32,12.5,1,0,0,0
CRC32,0.005,32,256,288,32,12.5,1,0,0,0
CRC32,0.005,32,256,288,32,12.5,1,0,0,0
CRC32,0.005,32,256,288,32,12.5,1,0,0,0
CRC32,0.005,32,256,288,32,12.5,1,0,0,0
CRC32,0.005,32,256,288,32,12.5,0,0,1,1
CRC32,0.005,32,256,288,32,12.5,2,0,0,0
CRC32,0.005,32,256,288,32,12.5,1,0,0,0
CRC32,0.005,32,256,288,32,12.5,0,0,1,1
CRC32,0.005,32,256,288,32,12.5,2,0,0,0
CRC32,0.005,32,256,288,32,12.5,5,0,0,0
CRC32,0.005,32,256,288,32,12.5,1,0,0,1
CRC32,0.005,32,256,288,32,12.5,1,0,0,0
CRC32,0.005,32,256,288,32,12.5,0,0,1,1
CRC32,0.005,32,256,288,32,12.5,2,0,0,0
CRC32,0.005,32,256,288,32,12.5,2,0,0,0
CRC32,0.005,32,256,288,32,12.5,2,0,0,0
CRC32,0.005,32,256,288,32,12.5,2,0,0,0
CRC32,0.005,32,256,288,32,12.5,1,0,0,0
CRC32,0.005,32,256,288,32,12.5,0,0,1,1
CRC32,0.005,32,256,288,32,12.5,3,0,0,0
CRC32,0.005,32,256,288,32,12.5,3,0,0,0
CRC32,0.005,32,256,288,32,12.5,1,0,0,0
CRC32,0.005,32,256,288,32,12.5,3,0,0,0
CRC32,0.005,32,256,288,32,12.5,1,0,0,0
CRC32,0.005,32,256,288,32,12.5,1,0,0,0
CRC32,0.005,32,256,288,32,12.5,0,0,1,1
CRC32,0.005,32,256,288,32,12.5,1,0,0,0
CRC32,0.005,64,512,544,32,6.25,4,0,0,0
CRC32,0.005,64,512,544,32,6.25,1,0,0,0
CRC32,0.005,64,512,544,32,6.25,2,0,0,0
CRC32,0.005,64,512,544,32,6.25,2,0,0,0
CRC32,0.005,64,512,544,32,6.25,0,0,1,1
CRC32,0.005,64,512,544,32,6.25,4,0,0,0
CRC32,0.005,64,512,544,32,6.25,2,0,0,0
CRC32,0.005,64,512,544,32,6.25,0,0,1,1
CRC32,0.005,64,512,544,32,6.25,1,0,0,0
CRC32,0.005,64,512,544,32,6.25,3,0,0,0
CRC32,0.005,64,512,544,32,6.25,0,0,1,1
CRC32,0.005,64,512,544,32,6.25,3,0,0,0
CRC32,0.005,64,512,544,32,6.25,5,0,0,0
CRC32,0.005,64,512,544,32,6.25,4,0,0,0
CRC32,0.005,64,512,544,32,6.25,1,0,0,0
CRC32,0.005,64,512,544,32,6.25,3,0,0,0
CRC32,0.005,64,512,544,32,6.25,2,0,0,0
CRC32,0.005,64,512,544,32,6.25,4,0,0,0
CRC32,0.005,64,512,544,32,6.25,1,0,0,0
CRC32,0.005,64,512,544,32,6.25,1,0,0,0
CRC32,0.005,64,512,544,32,6.25,3,0,0,0
CRC32,0.005,64,512,544,32,6.25,2,0,0,0
CRC32,0.005,64,512,544,32,6.25,1,0,0,0
CRC32,0.005,64,512,544,32,6.25,4,0,0,0
CRC32,0.005,64,512,544,32,6.25,3,0,0,0
CRC32,0.005,64,512,544,32,6.25,2,0,0,0
CRC32,0.005,64,512,544,32,6.25,2,0,0,0
CRC32,0.005,64,512,544,32,6.25,5,0,0,0
CRC32,0.005,64,512,544,32,6.25,2,0,0,0
CRC32,0.005,64,512,544,32,6.25,4,0,0,0
CRC32,0.005,64,512,544,32,6.25,2,0,0,0
CRC32,0.005,64,512,544,32,6.25,0,0,1,1
CRC32,0.005,64,512,544,32,6.25,1,0,0,0
CRC32,0.005,64,512,544,32,6.25,0,0,1,1
CRC32,0.005,64,512,544,32,6.25,4,0,0,0
CRC32,0.005,64,512,544,32,6.25,2,0,0,0
CRC32,0.005,64,512,544,32,6.25,2,0,0,0
CRC32,0.005,64,512,544,32,6.25,1,0,0,0
CRC32,0.005,64,512,544,32,6.25,6,0,0,0
CRC32,0.005,64,512,544,32,6.25,4,0,0,0
CRC32,0.005,128,1024,1056,32,3.12,3,0,0,0
CRC32,0.005,128,1024,1056,32,3.12,6,0,0,0
CRC32,0.005,128,1024,1056,32,3.12,4,0,0,0
CRC32,0.005,128,1024,1056,32,3.12,5,0,0,0
CRC32,0.005,128,1024,1056,32,3.12,6,0,0,0
CRC32,0.005,128,1024,1056,32,3.12,3,0,0,0
CRC32,0.005,128,1024,1056,32,3.12,3,0,0,0
CRC32,0.005,128,1024,1056,32,3.12,3,0,0,0
CRC32,0.005,128,1024,1056,32,3.12,2,0,0,0
CRC32,0.005,128,1024,1056,32,3.12,5,0,0,0
CRC32,0.005,128,1024,1056,32,3.12,6,0,0,0
CRC32,0.005,128,1024,1056,32,3.12,6,0,0,0
CRC32,0.005,128,1024,1056,32,3.12,6,0,0,0
CRC32,0.005,128,1024,1056,32,3.12,2,0,0,0
CRC32,0.005,128,1024,1056,32,3.12,8,0,0,0
CRC32,0.005,128,1024,1056,32,3.12,2,0,0,0
CRC32,0.005,128,1024,1056,32,3.12,3,0,0,0
CRC32,0.005,128,1024,1056,32,3.12,6,0,0,0
CRC32,0.005,128,1024,1056,32,3.12,8,0,0,0
CRC32,0.005,128,1024,1056,32,3.12,11,0,0,0
CRC32,0.005,128,1024,1056,32,3.12,9,0,0,0
CRC32,0.005,128,1024,1056,32,3.12,5,0,0,0
CRC32,0.005,128,1024,1056,32,3.12,4,0,0,0
CRC32,0.005,128,1024,1056,32,3.12,7,0,0,0
CRC32,0.005,128,1024,1056,32,3.12,4,0,0,0
CRC32,0.005,128,1024,1056,32,3.12,2,0,0,0
CRC32,0.005,128,1024,1056,32,3.12,9,0,0,0
CRC32,0.005,128,1024,1056,32,3.12,7,0,0,0
CRC32,0.005,128,1024,1056,32,3.12,2,0,0,0
CRC32,0.005,128,1024,1056,32,3.12,5,0,0,0
CRC32,0.005,128,1024,1056,32,3.12,4,0,0,0
CRC32,0.005,128,1024,1056,32,3.12,3,0,0,0
CRC32,0.005,128,1024,1056,32,3.12,5,0,0,0
CRC32,0.005,128,1024,1056,32,3.12,7,0,0,0
CRC32,0.005,128,1024,1056,32,3.12,2,0,0,0
CRC32,0.005,128,1024,1056,32,3.12,10,0,0,0
CRC32,0.005,128,1024,1056,32,3.12,6,0,0,0
CRC32,0.005,128,1024,1056,32,3.12,3,0,0,0
CRC32,0.005,128,1024,1056,32,3.12,2,0,0,0
CRC32,0.005,128,1024,1056,32,3.12,5,0,0,0
CRC32,0.01,4,32,64,32,100.0,0,0,1,1
CRC32,0.01,4,32,64,32,100.0,2,0,0,1
CRC32,0.01,4,32,64,32,100.0,2,0,0,0
CRC32,0.01,4,32,64,32,100.0,1,0,0,1
CRC32,0.01,4,32,64,32,100.0,1,0,0,0
CRC32,0.01,4,32,64,32,100.0,1,0,0,0
CRC32,0.01,4,32,64,32,100.0,1,0,0,0
CRC32,0.01,4,32,64,32,100.0,0,0,1,1
CRC32,0.01,4,32,64,32,100.0,2,0,0,1
CRC32,0.01,4,32,64,32,100.0,1,0,0,0
CRC32,0.01,4,32,64,32,100.0,1,0,0,0
CRC32,0.01,4,32,64,32,100.0,1,0,0,1
CRC32,0.01,4,32,64,32,100.0,2,0,0,0
CRC32,0.01,4,32,64,32,100.0,2,0,0,1
CRC32,0.01,4,32,64,32,100.0,0,0,1,1
CRC32,0.01,4,32,64,32,100.0,1,0,0,0
CRC32,0.01,4,32,64,32,100.0,0,0,1,1
CRC32,0.01,4,32,64,32,100.0,0,0,1,1
CRC32,0.01,4,32,64,32,100.0,0,0,1,1
CRC32,0.01,4,32,64,32,100.0,0,0,1,1
CRC32,0.01,4,32,64,32,100.0,1,0,0,1
CRC32,0.01,4,32,64,32,100.0,0,0,1,1
CRC32,0.01,4,32,64,32,100.0,1,0,0,0
CRC32,0.01,4,32,64,32,100.0,0,0,1,1
CRC32,0.01,4,32,64,32,100.0,0,0,1,1
CRC32,0.01,4,32,64,32,100.0,0,0,1,1
CRC32,0.01,4,32,64,32,100.0,1,0,0,1
CRC32,0.01,4,32,64,32,100.0,1,0,0,1
CRC32,0.01,4,32,64,32,100.0,0,0,1,1
CRC32,0.01,4,32,64,32,100.0,0,0,1,1
CRC32,0.01,4,32,64,32,100.0,0,0,1,1
CRC32,0.01,4,32,64,32,100.0,1,0,0,0
CRC32,0.01,4,32,64,32,100.0,3,0,0,0
CRC32,0.01,4,32,64,32,100.0,0,0,1,1
CRC32,0.01,4,32,64,32,100.0,1,0,0,1
CRC32,0.01,4,32,64,32,100.0,3,0,0,1
CRC32,0.01,4,32,64,32,100.0,0,0,1,1
CRC32,0.01,4,32,64,32,100.0,1,0,0,1
CRC32,0.01,4,32,64,32,100.0,0,0,1,1
CRC32,0.01,4,32,64,32,100.0,1,0,0,0
CRC32,0.01,8,64,96,32,50.0,1,0,0,0
CRC32,0.01,8,64,96,32,50.0,3,0,0,0
CRC32,0.01,8,64,96,32,50.0,2,0,0,0
CRC32,0.01,8,64,96,32,50.0,1,0,0,0
CRC32,0.01,8,64,96,32,50.0,1,0,0,0
CRC32,0.01,8,64,96,32,50.0,0,0,1,1
CRC32,0.01,8,64,96,32,50.0,1,0,0,0
CRC32,0.01,8,64,96,32,50.0,0,0,1,1
CRC32,0.01,8,64,96,32,50.0,2,0,0,0
CRC32,0.01,8,64,96,32,50.0,1,0,0,1
CRC32,0.01,8,64,96,32,50.0,1,0,0,0
CRC32,0.01,8,64,96,32,50.0,2,0,0,0
CRC32,0.01,8,64,96,32,50.0,1,0,0,0
CRC32,0.01,8,64,96,32,50.0,0,0,1,1
CRC32,0.01,8,64,96,32,50.0,1,0,0,0
CRC32,0.01,8,64,96,32,50.0,0,0,1,1
CRC32,0.01,8,64,96,32,50.0,0,0,1,1
CRC32,0.01,8,64,96,32,50.0,1,0,0,0
CRC32,0.01,8,64,96,32,50.0,2,0,0,0
CRC32,0.01,8,64,96,32,50.0,3,0,0,0
CRC32,0.01,8,64,96,32,50.0,2,0,0,0
CRC32,0.01,8,64,96,32,50.0,0,0,1,1
CRC32,0.01,8,64,96,32,50.0,3,0,0,0
CRC32,0.01,8,64,96,32,50.0,2,0,0,0
CRC32,0.01,8,64,96,32,50.0,0,0,1,1
CRC32,0.01,8,64,96,32,50.0,2,0,0,0
CRC32,0.01,8,64,96,32,50.0,2,0,0,0
CRC32,0.01,8,64,96,32,50.0,0,0,1,1
CRC32,0.01,8,64,96,32,50.0,1,0,0,0
CRC32,0.01,8,64,96,32,50.0,2,0,0,0
CRC32,0.01,8,64,96,32,50.0,2,0,0,0
CRC32,0.01,8,64,96,32,50.0,1,0,0,0
CRC32,0.01,8,64,96,32,50.0,2,0,0,0
CRC32,0.01,8,64,96,32,50.0,3,0,0,0
CRC32,0.01,8,64,96,32,50.0,0,0,1,1
CRC32,0.01,8,64,96,32,50.0,1,0,0,0
CRC32,0.01,8,64,96,32,50.0,0,0,1,1
CRC32,0.01,8,64,96,32,50.0,0,0,1,1
CRC32,0.01,8,64,96,32,50.0,0,0,1,1
CRC32,0.01,8,64,96,32,50.0,0,0,1,1
CRC32,0.01,16,128,160,32,25.0,2,0,0,0
CRC32,0.01,16,128,160,32,25.0,0,0,1,1
CRC32,0.01,16,128,160,32,25.0,1,0,0,0
CRC32,0.01,16,128,160,32,25.0,0,0,1,1
CRC32,0.01,16,128,160,32,25.0,2,0,0,0
CRC32,0.01,16,128,160,32,25.0,1,0,0,0
CRC32,0.01,16,128,160,32,25.0,0,0,1,1
CRC32,0.01,16,128,160,32,25.0,2,0,0,0
CRC32,0.01,16,128,160,32,25.0,2,0,0,0
CRC32,0.01,16,128,160,32,25.0,3,0,0,0
CRC32,0.01,16,128,160,32,25.0,2,0,0,0
CRC32,0.01,16,128,160,32,25.0,4,0,0,0
CRC32,0.01,16,128,160,32,25.0,0,0,1,1
CRC32,0.01,16,128,160,32,25.0,2,0,0,0
CRC32,0.01,16,128,160,32,25.0,1,0,0,0
CRC32,0.01,16,128,160,32,25.0,1,0,0,1
CRC32,0.01,16,128,160,32,25.0,0,0,1,1
CRC32,0.01,16,128,160,32,25.0,0,0,1,1
CRC32,0.01,16,128,160,32,25.0,4,0,0,0
CRC32,0.01,16,128,160,32,25.0,1,0,0,0
CRC32,0.01,16,128,160,32,25.0,2,0,0,0
CRC32,0.01,16,128,160,32,25.0,3,0,0,0
CRC32,0.01,16,128,160,32,25.0,0,0,1,1
CRC32,0.01,16,128,160,32,25.0,2,0,0,0
CRC32,0.01,16,128,160,32,25.0,6,0,0,0
CRC32,0.01,16,128,160,32,25.0,1,0,0,0
CRC32,0.01,16,128,160,32,25.0,6,0,0,0
CRC32,0.01,16,128,160,32,25.0,3,0,0,0
CRC32,0.01,16,128,160,32,25.0,2,0,0,0
CRC32,0.01,16,128,160,32,25.0,2,0,0,0
CRC32,0.01,16,128,160,32,25.0,3,0,0,0
CRC32,0.01,16,128,160,32,25.0,1,0,0,1
CRC32,0.01,16,128,160,32,25.0,1,0,0,1
CRC32,0.01,16,128,160,32,25.0,4,0,0,0
CRC32,0.01,16,128,160,32,25.0,2,0,0,0
CRC32,0.01,16,128,160,32,25.0,0,0,1,1
CRC32,0.01,16,128,160,32,25.0,2,0,0,0
CRC32,0.01,16,128,160,32,25.0,1,0,0,0
CRC32,0.01,16,128,160,32,25.0,0,0,1,1
CRC32,0.01,16,128,160,32,25.0,1,0,0,0
CRC32,0.01,32,256,288,32,12.5,2,0,0,0
CRC32,0.01,32,256,288,32,12.5,1,0,0,0
CRC32,0.01,32,256,288,32,12.5,2,0,0,0
CRC32,0.01,32,256,288,32,12.5,5,0,0,0
CRC32,0.01,32,256,288,32,12.5,5,0,0,0
CRC32,0.01,32,256,288,32,12.5,1,0,0,0
CRC32,0.01,32,256,288,32,12.5,0,0,1,1
CRC32,0.01,32,256,288,32,12.5,2,0,0,0
CRC32,0.01,32,256,288,32,12.5,8,0,0,0
CRC32,0.01,32,256,288,32,12.5,2,0,0,0
CRC32,0.01,32,256,288,32,12.5,4,0,0,0
CRC32,0.01,32,256,288,32,12.5,2,0,0,0
CRC32,0.01,32,256,288,32,12.5,8,0,0,0
CRC32,0.01,32,256,288,32,12.5,1,0,0,0
CRC32,0.01,32,256,288,32,12.5,2,0,0,0
CRC32,0.01,32,256,288,32,12.5,3,0,0,0
CRC32,0.01,32,256,288,32,12.5,4,0,0,0
CRC32,0.01,32,256,288,32,12.5,4,0,0,0
CRC32,0.01,32,256,288,32,12.5,1,0,0,0
CRC32,0.01,32,256,288,32,12.5,4,0,0,0
CRC32,0.01,32,256,288,32,12.5,2,0,0,0
CRC32,0.01,32,256,288,32,12.5,2,0,0,0
CRC32,0.01,32,256,288,32,12.5,3,0,0,0
CRC32,0.01,32,256,288,32,12.5,1,0,0,0
CRC32,0.01,32,256,288,32,12.5,1,0,0,1
CRC32,0.01,32,256,288,32,12.5,4,0,0,0
CRC32,0.01,32,256,288,32,12.5,7,0,0,0
CRC32,0.01,32,256,288,32,12.5,3,0,0,0
CRC32,0.01,32,256,288,32,12.5,0,0,1,1
CRC32,0.01,32,256,288,32,12.5,2,0,0,0
CRC32,0.01,32,256,288,32,12.5,0,0,1,1
CRC32,0.01,32,256,288,32,12.5,3,0,0,0
CRC32,0.01,32,256,288,32,12.5,2,0,0,0
CRC32,0.01,32,256,288,32,12.5,1,0,0,0
CRC32,0.01,32,256,288,32,12.5,5,0,0,0
CRC32,0.01,32,256,288,32,12.5,1,0,0,0
CRC32,0.01,32,256,288,32,12.5,3,0,0,0
CRC32,0.01,32,256,288,32,12.5,0,0,1,1
CRC32,0.01,32,256,288,32,12.5,4,0,0,0
CRC32,0.01,32,256,288,32,12.5,1,0,0,0
CRC32,0.01,64,512,544,32,6.25,4,0,0,0
CRC32,0.01,64,512,544,32,6.25,11,0,0,0
CRC32,0.01,64,512,544,32,6.25,6,0,0,0
CRC32,0.01,64,512,544,32,6.25,7,0,0,0
CRC32,0.01,64,512,544,32,6.25,6,0,0,0
CRC32,0.01,64,512,544,32,6.25,4,0,0,0
CRC32,0.01,64,512,544,32,6.25,5,0,0,0
CRC32,0.01,64,512,544,32,6.25,4,0,0,0
CRC32,0.01,64,512,544,32,6.25,4,0,0,0
CRC32,0.01,64,512,544,32,6.25,9,0,0,0
CRC32,0.01,64,512,544,32,6.25,6,0,0,0
CRC32,0.01,64,512,544,32,6.25,6,0,0,0
CRC32,0.01,64,512,544,32,6.25,10,0,0,0
CRC32,0.01,64,512,544,32,6.25,5,0,0,0
CRC32,0.01,64,512,544,32,6.25,2,0,0,0
CRC32,0.01,64,512,544,32,6.25,6,0,0,0
CRC32,0.01,64,512,544,32,6.25,4,0,0,0
CRC32,0.01,64,512,544,32,6.25,6,0,0,0
CRC32,0.01,64,512,544,32,6.25,5,0,0,0
CRC32,0.01,64,512,544,32,6.25,4,0,0,0
CRC32,0.01,64,512,544,32,6.25,8,0,0,0
CRC32,0.01,64,512,544,32,6.25,5,0,0,0
CRC32,0.01,64,512,544,32,6.25,7,0,0,0
CRC32,0.01,64,512,544,32,6.25,3,0,0,0
CRC32,0.01,64,512,544,32,6.25,2,0,0,0
CRC32,0.01,64,512,544,32,6.25,4,0,0,0
CRC32,0.01,64,512,544,32,6.25,3,0,0,0
CRC32,0.01,64,512,544,32,6.25,10,0,0,0
CRC32,0.01,64,512,544,32,6.25,8,0,0,0
CRC32,0.01,64,512,544,32,6.25,5,0,0,0
CRC32,0.01,64,512,544,32,6.25,4,0,0,0
CRC32,0.01,64,512,544,32,6.25,4,0,0,0
CRC32,0.01,64,512,544,32,6.25,3,0,0,0
CRC32,0.01,64,512,544,32,6.25,3,0,0,0
CRC32,0.01,64,512,544,32,6.25,10,0,0,0
CRC32,0.01,64,512,544,32,6.25,2,0,0,0
CRC32,0.01,64,512,544,32,6.25,6,0,0,0
CRC32,0.01,64,512,544,32,6.25,2,0,0,0
CRC32,0.01,64,512,544,32,6.25,8,0,0,0
CRC32,0.01,64,512,544,32,6.25,4,0,0,0
CRC32,0.01,128,1024,1056,32,3.12,6,0,0,0
CRC32,0.01,128,1024,1056,32,3.12,6,0,0,0
CRC32,0.01,128,1024,1056,32,3.12,11,0,0,0
CRC32,0.01,128,1024,1056,32,3.12,6,0,0,0
CRC32,0.01,128,1024,1056,32,3.12,6,0,0,0
CRC32,0.01,128,1024,1056,32,3.12,13,0,0,0
CRC32,0.01,128,1024,1056,32,3.12,8,0,0,0
CRC32,0.01,128,1024,1056,32,3.12,13,0,0,0
CRC32,0.01,128,1024,1056,32,3.12,10,0,0,0
CRC32,0.01,128,1024,1056,32,3.12,11,0,0,0
CRC32,0.01,128,1024,1056,32,3.12,9,0,0,0
CRC32,0.01,128,1024,1056,32,3.12,18,0,0,0
CRC32,0.01,128,1024,1056,32,3.12,11,0,0,0
CRC32,0.01,128,1024,1056,32,3.12,14,0,0,0
CRC32,0.01,128,1024,1056,32,3.12,6,0,0,0
CRC32,0.01,128,1024,1056,32,3.12,12,0,0,0
CRC32,0.01,128,1024,1056,32,3.12,11,0,0,0
CRC32,0.01,128,1024,1056,32,3.12,12,0,0,0
CRC32,0.01,128,1024,1056,32,3.12,9,0,0,0
CRC32,0.01,128,1024,1056,32,3.12,11,0,0,0
CRC32,0.01,128,1024,1056,32,3.12,14,0,0,0
CRC32,0.01,128,1024,1056,32,3.12,15,0,0,0
CRC32,0.01,128,1024,1056,32,3.12,7,0,0,0
CRC32,0.01,128,1024,1056,32,3.12,7,0,0,0
CRC32,0.01,128,1024,1056,32,3.12,10,0,0,0
CRC32,0.01,128,1024,1056,32,3.12,8,0,0,0
CRC32,0.01,128,1024,1056,32,3.12,15,0,0,0
CRC32,0.01,128,1024,1056,32,3.12,5,0,0,0
CRC32,0.01,128,1024,1056,32,3.12,20,0,0,0
CRC32,0.01,128,1024,1056,32,3.12,15,0,0,0
CRC32,0.01,128,1024,1056,32,3.12,12,0,0,0
CRC32,0.01,128,1024,1056,32,3.12,13,0,0,0
CRC32,0.01,128,1024,1056,32,3.12,14,0,0,0
CRC32,0.01,128,1024,1056,32,3.12,15,0,0,0
CRC32,0.01,128,1024,1056,32,3.12,8,0,0,0
CRC32,0.01,128,1024,1056,32,3.12,6,0,0,0
CRC32,0.01,128,1024,1056,32,3.12,13,0,0,0
CRC32,0.01,128,1024,1056,32,3.12,9,0,0,0
CRC32,0.01,128,1024,1056,32,3.12,9,0,0,0
CRC32,0.01,128,1024,1056,32,3.12,12,0,0,0
CRC32,0.02,4,32,64,32,100.0,3,0,0,0
CRC32,0.02,4,32,64,32,100.0,2,0,0,0
CRC32,0.02,4,32,64,32,100.0,1,0,0,1
CRC32,0.02,4,32,64,32,100.0,0,0,1,1
CRC32,0.02,4,32,64,32,100.0,3,0,0,0
CRC32,0.02,4,32,64,32,100.0,1,0,0,1
CRC32,0.02,4,32,64,32,100.0,2,0,0,0
CRC32,0.02,4,32,64,32,100.0,2,0,0,1
CRC32,0.02,4,32,64,32,100.0,1,0,0,0
CRC32,0.02,4,32,64,32,100.0,2,0,0,0
CRC32,0.02,4,32,64,32,100.0,0,0,1,1
CRC32,0.02,4,32,64,32,100.0,1,0,0,1
CRC32,0.02,4,32,64,32,100.0,0,0,1,1
CRC32,0.02,4,32,64,32,100.0,0,0,1,1
CRC32,0.02,4,32,64,32,100.0,0,0,1,1
CRC32,0.02,4,32,64,32,100.0,2,0,0,1
CRC32,0.02,4,32,64,32,100.0,1,0,0,1
CRC32,0.02,4,32,64,32,100.0,1,0,0,0
CRC32,0.02,4,32,64,32,100.0,1,0,0,0
CRC32,0.02,4,32,64,32,100.0,0,0,1,1
CRC32,0.02,4,32,64,32,100.0,2,0,0,0
CRC32,0.02,4,32,64,32,100.0,1,0,0,0
CRC32,0.02,4,32,64,32,100.0,1,0,0,1
CRC32,0.02,4,32,64,32,100.0,0,0,1,1
CRC32,0.02,4,32,64,32,100.0,0,0,1,1
CRC32,0.02,4,32,64,32,100.0,2,0,0,1
CRC32,0.02,4,32,64,32,100.0,0,0,1,1
CRC32,0.02,4,32,64,32,100.0,2,0,0,0
CRC32,0.02,4,32,64,32,100.0,1,0,0,1
CRC32,0.02,4,32,64,32,100.0,0,0,1,1
CRC32,0.02,4,32,64,32,100.0,0,0,1,1
CRC32,0.02,4,32,64,32,100.0,0,0,1,1
CRC32,0.02,4,32,64,32,100.0,1,0,0,0
CRC32,0.02,4,32,64,32,100.0,1,0,0,1
CRC32,0.02,4,32,64,32,100.0,0,0,1,1
CRC32,0.02,4,32,64,32,100.0,1,0,0,1
CRC32,0.02,4,32,64,32,100.0,1,0,0,0
CRC32,0.02,4,32,64,32,100.0,2,0,0,1
CRC32,0.02,4,32,64,32,100.0,0,0,1,1
CRC32,0.02,4,32,64,32,100.0,3,0,0,0
CRC32,0.02,8,64,96,32,50.0,0,0,1,1
CRC32,0.02,8,64,96,32,50.0,2,0,0,0
CRC32,0.02,8,64,96,32,50.0,0,0,1,1
CRC32,0.02,8,64,96,32,50.0,2,0,0,0
CRC32,0.02,8,64,96,32,50.0,1,0,0,0
CRC32,0.02,8,64,96,32,50.0,3,0,0,0
CRC32,0.02,8,64,96,32,50.0,6,0,0,0
CRC32,0.02,8,64,96,32,50.0,1,0,0,0
CRC32,0.02,8,64,96,32,50.0,3,0,0,0
CRC32,0.02,8,64,96,32,50.0,2,0,0,0
CRC32,0.02,8,64,96,32,50.0,0,0,1,1
CRC32,0.02,8,64,96,32,50.0,3,0,0,0
CRC32,0.02,8,64,96,32,50.0,3,0,0,0
CRC32,0.02,8,64,96,32,50.0,2,0,0,0
CRC32,0.02,8,64,96,32,50.0,1,0,0,1
CRC32,0.02,8,64,96,32,50.0,1,0,0,0
CRC32,0.02,8,64,96,32,50.0,4,0,0,0
CRC32,0.02,8,64,96,32,50.0,0,0,1,1
CRC32,0.02,8,64,96,32,50.0,2,0,0,0
CRC32,0.02,8,64,96,32,50.0,2,0,0,1
CRC32,0.02,8,64,96,32,50.0,5,0,0,0
CRC32,0.02,8,64,96,32,50.0,2,0,0,0
CRC32,0.02,8,64,96,32,50.0,2,0,0,0
CRC32,0.02,8,64,96,32,50.0,4,0,0,0
CRC32,0.02,8,64,96,32,50.0,3,0,0,0
CRC32,0.02,8,64,96,32,50.0,3,0,0,0
CRC32,0.02,8,64,96,32,50.0,3,0,0,0
CRC32,0.02,8,64,96,32,50.0,2,0,0,0
CRC32,0.02,8,64,96,32,50.0,2,0,0,0
CRC32,0.02,8,64,96,32,50.0,4,0,0,0
CRC32,0.02,8,64,96,32,50.0,1,0,0,0
CRC32,0.02,8,64,96,32,50.0,1,0,0,0
CRC32,0.02,8,64,96,32,50.0,6,0,0,0
CRC32,0.02,8,64,96,32,50.0,1,0,0,1
CRC32,0.02,8,64,96,32,50.0,1,0,0,1
CRC32,0.02,8,64,96,32,50.0,3,0,0,0
CRC32,0.02,8,64,96,32,50.0,1,0,0,0
CRC32,0.02,8,64,96,32,50.0,4,0,0,0
CRC32,0.02,8,64,96,32,50.0,1,0,0,0
CRC32,0.02,8,64,96,32,50.0,1,0,0,0
CRC32,0.02,16,128,160,32,25.0,1,0,0,0
CRC32,0.02,16,128,160,32,25.0,2,0,0,0
CRC32,0.02,16,128,160,32,25.0,2,0,0,0
CRC32,0.02,16,128,160,32,25.0,7,0,0,0
CRC32,0.02,16,128,160,32,25.0,5,0,0,0
CRC32,0.02,16,128,160,32,25.0,4,0,0,0
CRC32,0.02,16,128,160,32,25.0,4,0,0,0
CRC32,0.02,16,128,160,32,25.0,2,0,0,0
CRC32,0.02,16,128,160,32,25.0,2,0,0,0
CRC32,0.02,16,128,160,32,25.0,3,0,0,0
CRC32,0.02,16,128,160,32,25.0,4,0,0,0
CRC32,0.02,16,128,160,32,25.0,2,0,0,0
CRC32,0.02,16,128,160,32,25.0,2,0,0,0
CRC32,0.02,16,128,160,32,25.0,4,0,0,0
CRC32,0.02,16,128,160,32,25.0,4,0,0,0
CRC32,0.02,16,128,160,32,25.0,2,0,0,0
CRC32,0.02,16,128,160,32,25.0,6,0,0,0
CRC32,0.02,16,128,160,32,25.0,4,0,0,0
CRC32,0.02,16,128,160,32,25.0,4,0,0,0
CRC32,0.02,16,128,160,32,25.0,1,0,0,0
CRC32,0.02,16,128,160,32,25.0,6,0,0,0
CRC32,0.02,16,128,160,32,25.0,3,0,0,0
CRC32,0.02,16,128,160,32,25.0,7,0,0,0
CRC32,0.02,16,128,160,32,25.0,4,0,0,0
CRC32,0.02,16,128,160,32,25.0,3,0,0,0
CRC32,0.02,16,128,160,32,25.0,3,0,0,0
CRC32,0.02,16,128,160,32,25.0,3,0,0,0
CRC32,0.02,16,128,160,32,25.0,4,0,0,0
CRC32,0.02,16,128,160,32,25.0,7,0,0,0
CRC32,0.02,16,128,160,32,25.0,2,0,0,0
CRC32,0.02,16,128,160,32,25.0,5,0,0,0
CRC32,0.02,16,128,160,32,25.0,4,0,0,0
CRC32,0.02,16,128,160,32,25.0,3,0,0,0
CRC32,0.02,16,128,160,32,25.0,1,0,0,0
CRC32,0.02,16,128,160,32,25.0,1,0,0,1
CRC32,0.02,16,128,160,32,25.0,2,0,0,0
CRC32,0.02,16,128,160,32,25.0,5,0,0,0
CRC32,0.02,16,128,160,32,25.0,4,0,0,0
CRC32,0.02,16,128,160,32,25.0,4,0,0,0
CRC32,0.02,16,128,160,32,25.0,2,0,0,0
CRC32,0.02,32,256,288,32,12.5,5,0,0,0
CRC32,0.02,32,256,288,32,12.5,8,0,0,0
CRC32,0.02,32,256,288,32,12.5,8,0,0,0
CRC32,0.02,32,256,288,32,12.5,7,0,0,0
CRC32,0.02,32,256,288,32,12.5,6,0,0,0
CRC32,0.02,32,256,288,32,12.5,9,0,0,0
CRC32,0.02,32,256,288,32,12.5,10,0,0,0
CRC32,0.02,32,256,288,32,12.5,8,0,0,0
CRC32,0.02,32,256,288,32,12.5,3,0,0,0
CRC32,0.02,32,256,288,32,12.5,7,0,0,0
CRC32,0.02,32,256,288,32,12.5,7,0,0,0
CRC32,0.02,32,256,288,32,12.5,7,0,0,0
CRC32,0.02,32,256,288,32,12.5,6,0,0,0
CRC32,0.02,32,256,288,32,12.5,4,0,0,0
CRC32,0.02,32,256,288,32,12.5,6,0,0,0
CRC32,0.02,32,256,288,32,12.5,6,0,0,0
CRC32,0.02,32,256,288,32,12.5,6,0,0,0
CRC32,0.02,32,256,288,32,12.5,6,0,0,0
CRC32,0.02,32,256,288,32,12.5,8,0,0,0
CRC32,0.02,32,256,288,32,12.5,4,0,0,0
CRC32,0.02,32,256,288,32,12.5,4,0,0,0
CRC32,0.02,32,256,288,32,12.5,11,0,0,0
CRC32,0.02,32,256,288,32,12.5,5,0,0,0
CRC32,0.02,32,256,288,32,12.5,4,0,0,0
CRC32,0.02,32,256,288,32,12.5,6,0,0,0
CRC32,0.02,32,256,288,32,12.5,8,0,0,0
CRC32,0.02,32,256,288,32,12.5,2,0,0,0
CRC32,0.02,32,256,288,32,12.5,12,0,0,0
CRC32,0.02,32,256,288,32,12.5,4,0,0,0
CRC32,0.02,32,256,288,32,12.5,5,0,0,0
CRC32,0.02,32,256,288,32,12.5,3,0,0,0
CRC32,0.02,32,256,288,32,12.5,10,0,0,0
CRC32,0.02,32,256,288,32,12.5,6,0,0,0
CRC32,0.02,32,256,288,32,12.5,3,0,0,0
CRC32,0.02,32,256,288,32,12.5,8,0,0,0
CRC32,0.02,32,256,288,32,12.5,9,0,0,0
CRC32,0.02,32,256,288,32,12.5,5,0,0,0
CRC32,0.02,32,256,288,32,12.5,4,0,0,0
CRC32,0.02,32,256,288,32,12.5,6,0,0,0
CRC32,0.02,32,256,288,32,12.5,10,0,0,0
CRC32,0.02,64,512,544,32,6.25,15,0,0,0
CRC32,0.02,64,512,544,32,6.25,15,0,0,0
CRC32,0.02,64,512,544,32,6.25,3,0,0,0
CRC32,0.02,64,512,544,32,6.25,11,0,0,0
CRC32,0.02,64,512,544,32,6.25,15,0,0,0
CRC32,0.02,64,512,544,32,6.25,11,0,0,0
CRC32,0.02,64,512,544,32,6.25,12,0,0,0
CRC32,0.02,64,512,544,32,6.25,5,0,0,0
CRC32,0.02,64,512,544,32,6.25,6,0,0,0
CRC32,0.02,64,512,544,32,6.25,13,0,0,0
CRC32,0.02,64,512,544,32,6.25,11,0,0,0
CRC32,0.02,64,512,544,32,6.25,16,0,0,0
CRC32,0.02,64,512,544,32,6.25,11,0,0,0
CRC32,0.02,64,512,544,32,6.25,11,0,0,0
CRC32,0.02,64,512,544,32,6.25,11,0,0,0
CRC32,0.02,64,512,544,32,6.25,9,0,0,0
CRC32,0.02,64,512,544,32,6.25,13,0,0,0
CRC32,0.02,64,512,544,32,6.25,7,0,0,0
CRC32,0.02,64,512,544,32,6.25,9,0,0,0
CRC32,0.02,64,512,544,32,6.25,13,0,0,0
CRC32,0.02,64,512,544,32,6.25,11,0,0,0
CRC32,0.02,64,512,544,32,6.25,10,0,0,0
CRC32,0.02,64,512,544,32,6.25,8,0,0,0
CRC32,0.02,64,512,544,32,6.25,8,0,0,0
CRC32,0.02,64,512,544,32,6.25,11,0,0,0
CRC32,0.02,64,512,544,32,6.25,11,0,0,0
CRC32,0.02,64,512,544,32,6.25,8,0,0,0
CRC32,0.02,64,512,544,32,6.25,15,0,0,0
CRC32,0.02,64,512,544,32,6.25,7,0,0,0
CRC32,0.02,64,512,544,32,6.25,16,0,0,0
CRC32,0.02,64,512,544,32,6.25,7,0,0,0
CRC32,0.02,64,512,544,32,6.25,13,0,0,0
CRC32,0.02,64,512,544,32,6.25,14,0,0,0
CRC32,0.02,64,512,544,32,6.25,12,0,0,0
CRC32,0.02,64,512,544,32,6.25,16,0,0,0
CRC32,0.02,64,512,544,32,6.25,12,0,0,0
CRC32,0.02,64,512,544,32,6.25,13,0,0,0
CRC32,0.02,64,512,544,32,6.25,14,0,0,0
CRC32,0.02,64,512,544,32,6.25,16,0,0,0
CRC32,0.02,64,512,544,32,6.25,14,0,0,0
CRC32,0.02,128,1024,1056,32,3.12,28,0,0,0
CRC32,0.02,128,1024,1056,32,3.12,26,0,0,0
CRC32,0.02,128,1024,1056,32,3.12,15,0,0,0
CRC32,0.02,128,1024,1056,32,3.12,20,0,0,0
CRC32,0.02,128,1024,1056,32,3.12,24,0,0,0
CRC32,0.02,128,1024,1056,32,3.12,18,0,0,0
CRC32,0.02,128,1024,1056,32,3.12,26,0,0,0
CRC32,0.02,128,1024,1056,32,3.12,25,0,0,0
CRC32,0.02,128,1024,1056,32,3.12,11,0,0,0
CRC32,0.02,128,1024,1056,32,3.12,16,0,0,0
CRC32,0.02,128,1024,1056,32,3.12,24,0,0,0
CRC32,0.02,128,1024,1056,32,3.12,20,0,0,0
CRC32,0.02,128,1024,1056,32,3.12,18,0,0,0
CRC32,0.02,128,1024,1056,32,3.12,16,0,0,0
CRC32,0.02,128,1024,1056,32,3.12,23,0,0,0
CRC32,0.02,128,1024,1056,32,3.12,24,0,0,0
CRC32,0.02,128,1024,1056,32,3.12,19,0,0,0
CRC32,0.02,128,1024,1056,32,3.12,17,0,0,0
CRC32,0.02,128,1024,1056,32,3.12,26,0,0,0
CRC32,0.02,128,1024,1056,32,3.12,27,0,0,0
CRC32,0.02,128,1024,1056,32,3.12,16,0,0,0
CRC32,0.02,128,1024,1056,32,3.12,18,0,0,0
CRC32,0.02,128,1024,1056,32,3.12,19,0,0,0
CRC32,0.02,128,1024,1056,32,3.12,22,0,0,0
CRC32,0.02,128,1024,1056,32,3.12,25,0,0,0
CRC32,0.02,128,1024,1056,32,3.12,29,0,0,0
CRC32,0.02,128,1024,1056,32,3.12,18,0,0,0
CRC32,0.02,128,1024,1056,32,3.12,22,0,0,0
CRC32,0.02,128,1024,1056,32,3.12,21,0,0,0
CRC32,0.02,128,1024,1056,32,3.12,25,0,0,0
CRC32,0.02,128,1024,1056,32,3.12,25,0,0,0
CRC32,0.02,128,1024,1056,32,3.12,24,0,0,0
CRC32,0.02,128,1024,1056,32,3.12,19,0,0,0
CRC32,0.02,128,1024,1056,32,3.12,15,0,0,0
CRC32,0.02,128,1024,1056,32,3.12,17,0,0,0
CRC32,0.02,128,1024,1056,32,3.12,19,0,0,0
CRC32,0.02,128,1024,1056,32,3.12,23,0,0,0
CRC32,0.02,128,1024,1056,32,3.12,26,0,0,0
CRC32,0.02,128,1024,1056,32,3.12,26,0,0,0
CRC32,0.02,128,1024,1056,32,3.12,20,0,0,0
CRC32,0.05,4,32,64,32,100.0,3,0,0,0
CRC32,0.05,4,32,64,32,100.0,3,0,0,0
CRC32,0.05,4,32,64,32,100.0,7,0,0,1
CRC32,0.05,4,32,64,32,100.0,1,0,0,1
CRC32,0.05,4,32,64,32,100.0,2,0,0,0
CRC32,0.05,4,32,64,32,100.0,2,0,0,0
CRC32,0.05,4,32,64,32,100.0,1,0,0,0
CRC32,0.05,4,32,64,32,100.0,2,0,0,0
CRC32,0.05,4,32,64,32,100.0,1,0,0,0
CRC32,0.05,4,32,64,32,100.0,5,0,0,0
CRC32,0.05,4,32,64,32,100.0,4,0,0,0
CRC32,0.05,4,32,64,32,100.0,2,0,0,1
CRC32,0.05,4,32,64,32,100.0,3,0,0,0
CRC32,0.05,4,32,64,32,100.0,6,0,0,0
CRC32,0.05,4,32,64,32,100.0,1,0,0,1
CRC32,0.05,4,32,64,32,100.0,2,0,0,0
CRC32,0.05,4,32,64,32,100.0,5,0,0,0
CRC32,0.05,4,32,64,32,100.0,3,0,0,1
CRC32,0.05,4,32,64,32,100.0,5,0,0,0
CRC32,0.05,4,32,64,32,100.0,2,0,0,0
CRC32,0.05,4,32,64,32,100.0,3,0,0,0
CRC32,0.05,4,32,64,32,100.0,1,0,0,0
CRC32,0.05,4,32,64,32,100.0,1,0,0,0
CRC32,0.05,4,32,64,32,100.0,1,0,0,0
CRC32,0.05,4,32,64,32,100.0,3,0,0,1
CRC32,0.05,4,32,64,32,100.0,3,0,0,0
CRC32,0.05,4,32,64,32,100.0,2,0,0,0
CRC32,0.05,4,32,64,32,100.0,2,0,0,1
CRC32,0.05,4,32,64,32,100.0,1,0,0,1
CRC32,0.05,4,32,64,32,100.0,1,0,0,1
CRC32,0.05,4,32,64,32,100.0,4,0,0,0
CRC32,0.05,4,32,64,32,100.0,10,0,0,0
CRC32,0.05,4,32,64,32,100.0,1,0,0,1
CRC32,0.05,4,32,64,32,100.0,2,0,0,0
CRC32,0.05,4,32,64,32,100.0,5,0,0,0
CRC32,0.05,4,32,64,32,100.0,4,0,0,0
CRC32,0.05,4,32,64,32,100.0,5,0,0,0
CRC32,0.05,4,32,64,32,100.0,3,0,0,0
CRC32,0.05,4,32,64,32,100.0,8,0,0,0
CRC32,0.05,4,32,64,32,100.0,4,0,0,0
CRC32,0.05,8,64,96,32,50.0,5,0,0,0
CRC32,0.05,8,64,96,32,50.0,6,0,0,0
CRC32,0.05,8,64,96,32,50.0,6,0,0,0
CRC32,0.05,8,64,96,32,50.0,4,0,0,0
CRC32,0.05,8,64,96,32,50.0,5,0,0,0
CRC32,0.05,8,64,96,32,50.0,4,0,0,0
CRC32,0.05,8,64,96,32,50.0,6,0,0,0
CRC32,0.05,8,64,96,32,50.0,6,0,0,0
CRC32,0.05,8,64,96,32,50.0,2,0,0,0
CRC32,0.05,8,64,96,32,50.0,2,0,0,0
CRC32,0.05,8,64,96,32,50.0,3,0,0,0
CRC32,0.05,8,64,96,32,50.0,2,0,0,0
CRC32,0.05,8,64,96,32,50.0,4,0,0,0
CRC32,0.05,8,64,96,32,50.0,2,0,0,0
CRC32,0.05,8,64,96,32,50.0,2,0,0,0
CRC32,0.05,8,64,96,32,50.0,3,0,0,0
CRC32,0.05,8,64,96,32,50.0,5,0,0,0
CRC32,0.05,8,64,96,32,50.0,8,0,0,0
CRC32,0.05,8,64,96,32,50.0,6,0,0,0
CRC32,0.05,8,64,96,32,50.0,5,0,0,0
CRC32,0.05,8,64,96,32,50.0,6,0,0,0
CRC32,0.05,8,64,96,32,50.0,8,0,0,0
CRC32,0.05,8,64,96,32,50.0,1,0,0,0
CRC32,0.05,8,64,96,32,50.0,3,0,0,0
CRC32,0.05,8,64,96,32,50.0,3,0,0,0
CRC32,0.05,8,64,96,32,50.0,4,0,0,0
CRC32,0.05,8,64,96,32,50.0,1,0,0,0
CRC32,0.05,8,64,96,32,50.0,7,0,0,0
CRC32,0.05,8,64,96,32,50.0,5,0,0,0
CRC32,0.05,8,64,96,32,50.0,2,0,0,0
CRC32,0.05,8,64,96,32,50.0,9,0,0,0
CRC32,0.05,8,64,96,32,50.0,10,0,0,0
CRC32,0.05,8,64,96,32,50.0,6,0,0,0
CRC32,0.05,8,64,96,32,50.0,3,0,0,0
CRC32,0.05,8,64,96,32,50.0,7,0,0,0
CRC32,0.05,8,64,96,32,50.0,1,0,0,0
CRC32,0.05,8,64,96,32,50.0,4,0,0,0
CRC32,0.05,8,64,96,32,50.0,5,0,0,0
CRC32,0.05,8,64,96,32,50.0,6,0,0,0
CRC32,0.05,8,64,96,32,50.0,8,0,0,0
CRC32,0.05,16,128,160,32,25.0,11,0,0,0
CRC32,0.05,16,128,160,32,25.0,8,0,0,0
CRC32,0.05,16,128,160,32,25.0,3,0,0,0
CRC32,0.05,16,128,160,32,25.0,13,0,0,0
CRC32,0.05,16,128,160,32,25.0,13,0,0,0
CRC32,0.05,16,128,160,32,25.0,4,0,0,0
CRC32,0.05,16,128,160,32,25.0,7,0,0,0
CRC32,0.05,16,128,160,32,25.0,5,0,0,0
CRC32,0.05,16,128,160,32,25.0,11,0,0,0
CRC32,0.05,16,128,160,32,25.0,10,0,0,0
CRC32,0.05,16,128,160,32,25.0,6,0,0,0
CRC32,0.05,16,128,160,32,25.0,7,0,0,0
CRC32,0.05,16,128,160,32,25.0,5,0,0,0
CRC32,0.05,16,128,160,32,25.0,9,0,0,0
CRC32,0.05,16,128,160,32,25.0,10,0,0,0
CRC32,0.05,16,128,160,32,25.0,8,0,0,0
CRC32,0.05,16,128,160,32,25.0,7,0,0,0
CRC32,0.05,16,128,160,32,25.0,5,0,0,0
CRC32,0.05,16,128,160,32,25.0,7,0,0,0
CRC32,0.05,16,128,160,32,25.0,14,0,0,0
CRC32,0.05,16,128,160,32,25.0,13,0,0,0
CRC32,0.05,16,128,160,32,25.0,10,0,0,0
CRC32,0.05,16,128,160,32,25.0,9,0,0,0
CRC32,0.05,16,128,160,32,25.0,5,0,0,0
CRC32,0.05,16,128,160,32,25.0,11,0,0,0
CRC32,0.05,16,128,160,32,25.0,11,0,0,0
CRC32,0.05,16,128,160,32,25.0,10,0,0,0
CRC32,0.05,16,128,160,32,25.0,7,0,0,0
CRC32,0.05,16,128,160,32,25.0,7,0,0,0
CRC32,0.05,16,128,160,32,25.0,12,0,0,0
CRC32,0.05,16,128,160,32,25.0,10,0,0,0
CRC32,0.05,16,128,160,32,25.0,7,0,0,0
CRC32,0.05,16,128,160,32,25.0,6,0,0,0
CRC32,0.05,16,128,160,32,25.0,8,0,0,0
CRC32,0.05,16,128,160,32,25.0,10,0,0,0
CRC32,0.05,16,128,160,32,25.0,5,0,0,0
CRC32,0.05,16,128,160,32,25.0,17,0,0,0
CRC32,0.05,16,128,160,32,25.0,12,0,0,0
CRC32,0.05,16,128,160,32,25.0,10,0,0,0
CRC32,0.05,16,128,160,32,25.0,10,0,0,0
CRC32,0.05,32,256,288,32,12.5,18,0,0,0
CRC32,0.05,32,256,288,32,12.5,11,0,0,0
CRC32,0.05,32,256,288,32,12.5,12,0,0,0
CRC32,0.05,32,256,288,32,12.5,29,0,0,0
CRC32,0.05,32,256,288,32,12.5,17,0,0,0
CRC32,0.05,32,256,288,32,12.5,12,0,0,0
CRC32,0.05,32,256,288,32,12.5,14,0,0,0
CRC32,0.05,32,256,288,32,12.5,15,0,0,0
CRC32,0.05,32,256,288,32,12.5,14,0,0,0
CRC32,0.05,32,256,288,32,12.5,17,0,0,0
CRC32,0.05,32,256,288,32,12.5,15,0,0,0
CRC32,0.05,32,256,288,32,12.5,10,0,0,0
CRC32,0.05,32,256,288,32,12.5,9,0,0,0
CRC32,0.05,32,256,288,32,12.5,9,0,0,0
CRC32,0.05,32,256,288,32,12.5,12,0,0,0
CRC32,0.05,32,256,288,32,12.5,16,0,0,0
CRC32,0.05,32,256,288,32,12.5,6,0,0,0
CRC32,0.05,32,256,288,32,12.5,10,0,0,0
CRC32,0.05,32,256,288,32,12.5,21,0,0,0
CRC32,0.05,32,256,288,32,12.5,11,0,0,0
CRC32,0.05,32,256,288,32,12.5,18,0,0,0
CRC32,0.05,32,256,288,32,12.5,23,0,0,0
CRC32,0.05,32,256,288,32,12.5,15,0,0,0
CRC32,0.05,32,256,288,32,12.5,9,0,0,0
CRC32,0.05,32,256,288,32,12.5,15,0,0,0
CRC32,0.05,32,256,288,32,12.5,14,0,0,0
CRC32,0.05,32,256,288,32,12.5,16,0,0,0
CRC32,0.05,32,256,288,32,12.5,9,0,0,0
CRC32,0.05,32,256,288,32,12.5,5,0,0,0
CRC32,0.05,32,256,288,32,12.5,15,0,0,0
CRC32,0.05,32,256,288,32,12.5,17,0,0,0
CRC32,0.05,32,256,288,32,12.5,19,0,0,0
CRC32,0.05,32,256,288,32,12.5,6,0,0,0
CRC32,0.05,32,256,288,32,12.5,13,0,0,0
CRC32,0.05,32,256,288,32,12.5,17,0,0,0
CRC32,0.05,32,256,288,32,12.5,17,0,0,0
CRC32,0.05,32,256,288,32,12.5,14,0,0,0
CRC32,0.05,32,256,288,32,12.5,14,0,0,0
CRC32,0.05,32,256,288,32,12.5,13,0,0,0
CRC32,0.05,32,256,288,32,12.5,20,0,0,0
CRC32,0.05,64,512,544,32,6.25,24,0,0,0
CRC32,0.05,64,512,544,32,6.25,31,0,0,0
CRC32,0.05,64,512,544,32,6.25,35,0,0,0
CRC32,0.05,64,512,544,32,6.25,34,0,0,0
CRC32,0.05,64,512,544,32,6.25,25,0,0,0
CRC32,0.05,64,512,544,32,6.25,24,0,0,0
CRC32,0.05,64,512,544,32,6.25,26,0,0,0
CRC32,0.05,64,512,544,32,6.25,30,0,0,0
CRC32,0.05,64,512,544,32,6.25,28,0,0,0
CRC32,0.05,64,512,544,32,6.25,21,0,0,0
CRC32,0.05,64,512,544,32,6.25,27,0,0,0
CRC32,0.05,64,512,544,32,6.25,25,0,0,0
CRC32,0.05,64,512,544,32,6.25,34,0,0,0
CRC32,0.05,64,512,544,32,6.25,31,0,0,0
CRC32,0.05,64,512,544,32,6.25,33,0,0,0
CRC32,0.05,64,512,544,32,6.25,29,0,0,0
CRC32,0.05,64,512,544,32,6.25,22,0,0,0
CRC32,0.05,64,512,544,32,6.25,23,0,0,0
CRC32,0.05,64,512,544,32,6.25,36,0,0,0
CRC32,0.05,64,512,544,32,6.25,32,0,0,0
CRC32,0.05,64,512,544,32,6.25,28,0,0,0
CRC32,0.05,64,512,544,32,6.25,27,0,0,0
CRC32,0.05,64,512,544,32,6.25,29,0,0,0
CRC32,0.05,64,512,544,32,6.25,20,0,0,0
CRC32,0.05,64,512,544,32,6.25,32,0,0,0
CRC32,0.05,64,512,544,32,6.25,37,0,0,0
CRC32,0.05,64,512,544,32,6.25,35,0,0,0
CRC32,0.05,64,512,544,32,6.25,22,0,0,0
CRC32,0.05,64,512,544,32,6.25,27,0,0,0
CRC32,0.05,64,512,544,32,6.25,32,0,0,0
CRC32,0.05,64,512,544,32,6.25,23,0,0,0
CRC32,0.05,64,512,544,32,6.25,28,0,0,0
CRC32,0.05,64,512,544,32,6.25,28,0,0,0
CRC32,0.05,64,512,544,32,6.25,30,0,0,0
CRC32,0.05,64,512,544,32,6.25,29,0,0,0
CRC32,0.05,64,512,544,32,6.25,30,0,0,0
CRC32,0.05,64,512,544,32,6.25,25,0,0,0
CRC32,0.05,64,512,544,32,6.25,29,0,0,0
CRC32,0.05,64,512,544,32,6.25,25,0,0,0
CRC32,0.05,64,512,544,32,6.25,31,0,0,0
CRC32,0.05,128,1024,1056,32,3.12,50,0,0,0
CRC32,0.05,128,1024,1056,32,3.12,55,0,0,0
CRC32,0.05,128,1024,1056,32,3.12,50,0,0,0
CRC32,0.05,128,1024,1056,32,3.12,57,0,0,0
CRC32,0.05,128,1024,1056,32,3.12,39,0,0,0
CRC32,0.05,128,1024,1056,32,3.12,62,0,0,0
CRC32,0.05,128,1024,1056,32,3.12,65,0,0,0
CRC32,0.05,128,1024,1056,32,3.12,52,0,0,0
CRC32,0.05,128,1024,1056,32,3.12,51,0,0,0
CRC32,0.05,128,1024,1056,32,3.12,53,0,0,0
CRC32,0.05,128,1024,1056,32,3.12,39,0,0,0
CRC32,0.05,128,1024,1056,32,3.12,61,0,0,0
CRC32,0.05,128,1024,1056,32,3.12,50,0,0,0
CRC32,0.05,128,1024,1056,32,3.12,58,0,0,0
CRC32,0.05,128,1024,1056,32,3.12,61,0,0,0
CRC32,0.05,128,1024,1056,32,3.12,60,0,0,0
CRC32,0.05,128,1024,1056,32,3.12,49,0,0,0
CRC32,0.05,128,1024,1056,32,3.12,31,0,0,0
CRC32,0.05,128,1024,1056,32,3.12,40,0,0,0
CRC32,0.05,128,1024,1056,32,3.12,58,0,0,0
CRC32,0.05,128,1024,1056,32,3.12,45,0,0,0
CRC32,0.05,128,1024,1056,32,3.12,65,0,0,0
CRC32,0.05,128,1024,1056,32,3.12,54,0,0,0
CRC32,0.05,128,1024,1056,32,3.12,52,0,0,0
CRC32,0.05,128,1024,1056,32,3.12,48,0,0,0
CRC32,0.05,128,1024,1056,32,3.12,58,0,0,0
CRC32,0.05,128,1024,1056,32,3.12,65,0,0,0
CRC32,0.05,128,1024,1056,32,3.12,47,0,0,0
CRC32,0.05,128,1024,1056,32,3.12,55,0,0,0
CRC32,0.05,128,1024,1056,32,3.12,60,0,0,0
CRC32,0.05,128,1024,1056,32,3.12,49,0,0,0
CRC32,0.05,128,1024,1056,32,3.12,56,0,0,0
CRC32,0.05,128,1024,1056,32,3.12,53,0,0,0
CRC32,0.05,128,1024,1056,32,3.12,52,0,0,0
CRC32,0.05,128,1024,1056,32,3.12,51,0,0,0
CRC32,0.05,128,1024,1056,32,3.12,49,0,0,0
CRC32,0.05,128,1024,1056,32,3.12,49,0,0,0
CRC32,0.05,128,1024,1056,32,3.12,58,0,0,0
CRC32,0.05,128,1024,1056,32,3.12,40,0,0,0
CRC32,0.05,128,1024,1056,32,3.12,40,0,0,0
CRC32,0.1,4,32,64,32,100.0,4,0,0,0
CRC32,0.1,4,32,64,32,100.0,11,0,0,0
CRC32,0.1,4,32,64,32,100.0,6,0,0,0
CRC32,0.1,4,32,64,32,100.0,5,0,0,0
CRC32,0.1,4,32,64,32,100.0,6,0,0,0
CRC32,0.1,4,32,64,32,100.0,3,0,0,0
CRC32,0.1,4,32,64,32,100.0,6,0,0,0
CRC32,0.1,4,32,64,32,100.0,4,0,0,0
CRC32,0.1,4,32,64,32,100.0,7,0,0,0
CRC32,0.1,4,32,64,32,100.0,5,0,0,0
CRC32,0.1,4,32,64,32,100.0,5,0,0,0
CRC32,0.1,4,32,64,32,100.0,6,0,0,0
CRC32,0.1,4,32,64,32,100.0,8,0,0,0
CRC32,0.1,4,32,64,32,100.0,4,0,0,1
CRC32,0.1,4,32,64,32,100.0,5,0,0,0
CRC32,0.1,4,32,64,32,100.0,7,0,0,0
CRC32,0.1,4,32,64,32,100.0,9,0,0,0
CRC32,0.1,4,32,64,32,100.0,7,0,0,0
CRC32,0.1,4,32,64,32,100.0,4,0,0,0
CRC32,0.1,4,32,64,32,100.0,5,0,0,0
CRC32,0.1,4,32,64,32,100.0,4,0,0,0
CRC32,0.1,4,32,64,32,100.0,7,0,0,0
CRC32,0.1,4,32,64,32,100.0,8,0,0,0
CRC32,0.1,4,32,64,32,100.0,8,0,0,0
CRC32,0.1,4,32,64,32,100.0,6,0,0,0
CRC32,0.1,4,32,64,32,100.0,6,0,0,0
CRC32,0.1,4,32,64,32,100.0,7,0,0,0
CRC32,0.1,4,32,64,32,100.0,4,0,0,0
CRC32,0.1,4,32,64,32,100.0,8,0,0,0
CRC32,0.1,4,32,64,32,100.0,5,0,0,0
CRC32,0.1,4,32,64,32,100.0,4,0,0,0
CRC32,0.1,4,32,64,32,100.0,7,0,0,0
CRC32,0.1,4,32,64,32,100.0,10,0,0,0
CRC32,0.1,4,32,64,32,100.0,7,0,0,0
CRC32,0.1,4,32,64,32,100.0,7,0,0,0
CRC32,0.1,4,32,64,32,100.0,9,0,0,0
CRC32,0.1,4,32,64,32,100.0,13,0,0,0
CRC32,0.1,4,32,64,32,100.0,4,0,0,0
CRC32,0.1,4,32,64,32,100.0,8,0,0,0
CRC32,0.1,4,32,64,32,100.0,4,0,0,0
CRC32,0.1,8,64,96,32,50.0,9,0,0,0
CRC32,0.1,8,64,96,32,50.0,12,0,0,0
CRC32,0.1,8,64,96,32,50.0,9,0,0,0
CRC32,0.1,8,64,96,32,50.0,15,0,0,0
CRC32,0.1,8,64,96,32,50.0,5,0,0,0
CRC32,0.1,8,64,96,32,50.0,7,0,0,0
CRC32,0.1,8,64,96,32,50.0,17,0,0,0
CRC32,0.1,8,64,96,32,50.0,12,0,0,0
CRC32,0.1,8,64,96,32,50.0,11,0,0,0
CRC32,0.1,8,64,96,32,50.0,9,0,0,0
CRC32,0.1,8,64,96,32,50.0,10,0,0,0
CRC32,0.1,8,64,96,32,50.0,9,0,0,0
CRC32,0.1,8,64,96,32,50.0,8,0,0,0
CRC32,0.1,8,64,96,32,50.0,11,0,0,0
CRC32,0.1,8,64,96,32,50.0,11,0,0,0
CRC32,0.1,8,64,96,32,50.0,7,0,0,0
CRC32,0.1,8,64,96,32,50.0,11,0,0,0
CRC32,0.1,8,64,96,32,50.0,7,0,0,0
CRC32,0.1,8,64,96,32,50.0,11,0,0,0
CRC32,0.1,8,64,96,32,50.0,6,0,0,0
CRC32,0.1,8,64,96,32,50.0,4,0,0,0
CRC32,0.1,8,64,96,32,50.0,12,0,0,0
CRC32,0.1,8,64,96,32,50.0,11,0,0,0
CRC32,0.1,8,64,96,32,50.0,9,0,0,0
CRC32,0.1,8,64,96,32,50.0,6,0,0,0
CRC32,0.1,8,64,96,32,50.0,9,0,0,0
CRC32,0.1,8,64,96,32,50.0,9,0,0,0
CRC32,0.1,8,64,96,32,50.0,14,0,0,0
CRC32,0.1,8,64,96,32,50.0,10,0,0,0
CRC32,0.1,8,64,96,32,50.0,14,0,0,0
CRC32,0.1,8,64,96,32,50.0,10,0,0,0
CRC32,0.1,8,64,96,32,50.0,9,0,0,0
CRC32,0.1,8,64,96,32,50.0,11,0,0,0
CRC32,0.1,8,64,96,32,50.0,11,0,0,0
CRC32,0.1,8,64,96,32,50.0,9,0,0,0
CRC32,0.1,8,64,96,32,50.0,9,0,0,0
CRC32,0.1,8,64,96,32,50.0,6,0,0,0
CRC32,0.1,8,64,96,32,50.0,5,0,0,0
CRC32,0.1,8,64,96,32,50.0,9,0,0,0
CRC32,0.1,8,64,96,32,50.0,10,0,0,0
CRC32,0.1,16,128,160,32,25.0,16,0,0,0
CRC32,0.1,16,128,160,32,25.0,16,0,0,0
CRC32,0.1,16,128,160,32,25.0,9,0,0,0
CRC32,0.1,16,128,160,32,25.0,22,0,0,0
CRC32,0.1,16,128,160,32,25.0,12,0,0,0
CRC32,0.1,16,128,160,32,25.0,19,0,0,0
CRC32,0.1,16,128,160,32,25.0,15,0,0,0
CRC32,0.1,16,128,160,32,25.0,21,0,0,0
CRC32,0.1,16,128,160,32,25.0,23,0,0,0
CRC32,0.1,16,128,160,32,25.0,19,0,0,0
CRC32,0.1,16,128,160,32,25.0,17,0,0,0
CRC32,0.1,16,128,160,32,25.0,16,0,0,0
CRC32,0.1,16,128,160,32,25.0,17,0,0,0
CRC32,0.1,16,128,160,32,25.0,12,0,0,0
CRC32,0.1,16,128,160,32,25.0,16,0,0,0
CRC32,0.1,16,128,160,32,25.0,15,0,0,0
CRC32,0.1,16,128,160,32,25.0,15,0,0,0
CRC32,0.1,16,128,160,32,25.0,8,0,0,0
CRC32,0.1,16,128,160,32,25.0,16,0,0,0
CRC32,0.1,16,128,160,32,25.0,17,0,0,0
CRC32,0.1,16,128,160,32,25.0,15,0,0,0
CRC32,0.1,16,128,160,32,25.0,15,0,0,0
CRC32,0.1,16,128,160,32,25.0,24,0,0,0
CRC32,0.1,16,128,160,32,25.0,17,0,0,0
CRC32,0.1,16,128,160,32,25.0,17,0,0,0
CRC32,0.1,16,128,160,32,25.0,17,0,0,0
CRC32,0.1,16,128,160,32,25.0,20,0,0,0
CRC32,0.1,16,128,160,32,25.0,13,0,0,0
CRC32,0.1,16,128,160,32,25.0,10,0,0,0
CRC32,0.1,16,128,160,32,25.0,18,0,0,0
CRC32,0.1,16,128,160,32,25.0,17,0,0,0
CRC32,0.1,16,128,160,32,25.0,19,0,0,0
CRC32,0.1,16,128,160,32,25.0,12,0,0,0
CRC32,0.1,16,128,160,32,25.0,18,0,0,0
CRC32,0.1,16,128,160,32,25.0,17,0,0,0
CRC32,0.1,16,128,160,32,25.0,21,0,0,0
CRC32,0.1,16,128,160,32,25.0,12,0,0,0
CRC32,0.1,16,128,160,32,25.0,10,0,0,0
CRC32,0.1,16,128,160,32,25.0,16,0,0,0
CRC32,0.1,16,128,160,32,25.0,11,0,0,0
CRC32,0.1,32,256,288,32,12.5,22,0,0,0
CRC32,0.1,32,256,288,32,12.5,22,0,0,0
CRC32,0.1,32,256,288,32,12.5,31,0,0,0
CRC32,0.1,32,256,288,32,12.5,36,0,0,0
CRC32,0.1,32,256,288,32,12.5,36,0,0,0
CRC32,0.1,32,256,288,32,12.5,27,0,0,0
CRC32,0.1,32,256,288,32,12.5,30,0,0,0
CRC32,0.1,32,256,288,32,12.5,28,0,0,0
CRC32,0.1,32,256,288,32,12.5,26,0,0,0
CRC32,0.1,32,256,288,32,12.5,32,0,0,0
CRC32,0.1,32,256,288,32,12.5,22,0,0,0
CRC32,0.1,32,256,288,32,12.5,24,0,0,0
CRC32,0.1,32,256,288,32,12.5,26,0,0,0
CRC32,0.1,32,256,288,32,12.5,29,0,0,0
CRC32,0.1,32,256,288,32,12.5,29,0,0,0
CRC32,0.1,32,256,288,32,12.5,39,0,0,0
CRC32,0.1,32,256,288,32,12.5,29,0,0,0
CRC32,0.1,32,256,288,32,12.5,28,0,0,0
CRC32,0.1,32,256,288,32,12.5,21,0,0,0
CRC32,0.1,32,256,288,32,12.5,34,0,0,0
CRC32,0.1,32,256,288,32,12.5,24,0,0,0
CRC32,0.1,32,256,288,32,12.5,21,0,0,0
CRC32,0.1,32,256,288,32,12.5,33,0,0,0
CRC32,0.1,32,256,288,32,12.5,27,0,0,0
CRC32,0.1,32,256,288,32,12.5,29,0,0,0
CRC32,0.1,32,256,288,32,12.5,25,0,0,0
CRC32,0.1,32,256,288,32,12.5,29,0,0,0
CRC32,0.1,32,256,288,32,12.5,32,0,0,0
CRC32,0.1,32,256,288,32,12.5,31,0,0,0
CRC32,0.1,32,256,288,32,12.5,25,0,0,0
CRC32,0.1,32,256,288,32,12.5,24,0,0,0
CRC32,0.1,32,256,288,32,12.5,21,0,0,0
CRC32,0.1,32,256,288,32,12.5,33,0,0,0
CRC32,0.1,32,256,288,32,12.5,33,0,0,0
CRC32,0.1,32,256,288,32,12.5,21,0,0,0
CRC32,0.1,32,256,288,32,12.5,28,0,0,0
CRC32,0.1,32,256,288,32,12.5,27,0,0,0
CRC32,0.1,32,256,288,32,12.5,38,0,0,0
CRC32,0.1,32,256,288,32,12.5,25,0,0,0
CRC32,0.1,32,256,288,32,12.5,27,0,0,0
CRC32,0.1,64,512,544,32,6.25,47,0,0,0
CRC32,0.1,64,512,544,32,6.25,50,0,0,0
CRC32,0.1,64,512,544,32,6.25,53,0,0,0
CRC32,0.1,64,512,544,32,6.25,48,0,0,0
CRC32,0.1,64,512,544,32,6.25,53,0,0,0
CRC32,0.1,64,512,544,32,6.25,50,0,0,0
CRC32,0.1,64,512,544,32,6.25,56,0,0,0
CRC32,0.1,64,512,544,32,6.25,54,0,0,0
CRC32,0.1,64,512,544,32,6.25,54,0,0,0
CRC32,0.1,64,512,544,32,6.25,66,0,0,0
CRC32,0.1,64,512,544,32,6.25,33,0,0,0
CRC32,0.1,64,512,544,32,6.25,50,0,0,0
CRC32,0.1,64,512,544,32,6.25,66,0,0,0
CRC32,0.1,64,512,544,32,6.25,49,0,0,0
CRC32,0.1,64,512,544,32,6.25,63,0,0,0
CRC32,0.1,64,512,544,32,6.25,44,0,0,0
CRC32,0.1,64,512,544,32,6.25,54,0,0,0
CRC32,0.1,64,512,544,32,6.25,56,0,0,0
CRC32,0.1,64,512,544,32,6.25,50,0,0,0
CRC32,0.1,64,512,544,32,6.25,46,0,0,0
CRC32,0.1,64,512,544,32,6.25,48,0,0,0
CRC32,0.1,64,512,544,32,6.25,57,0,0,0
CRC32,0.1,64,512,544,32,6.25,54,0,0,0
CRC32,0.1,64,512,544,32,6.25,57,0,0,0
CRC32,0.1,64,512,544,32,6.25,39,0,0,0
CRC32,0.1,64,512,544,32,6.25,56,0,0,0
CRC32,0.1,64,512,544,32,6.25,61,0,0,0
CRC32,0.1,64,512,544,32,6.25,39,0,0,0
CRC32,0.1,64,512,544,32,6.25,50,0,0,0
CRC32,0.1,64,512,544,32,6.25,56,0,0,0
CRC32,0.1,64,512,544,32,6.25,41,0,0,0
CRC32,0.1,64,512,544,32,6.25,48,0,0,0
CRC32,0.1,64,512,544,32,6.25,52,0,0,0
CRC32,0.1,64,512,544,32,6.25,55,0,0,0
CRC32,0.1,64,512,544,32,6.25,53,0,0,0
CRC32,0.1,64,512,544,32,6.25,57,0,0,0
CRC32,0.1,64,512,544,32,6.25,55,0,0,0
CRC32,0.1,64,512,544,32,6.25,54,0,0,0
CRC32,0.1,64,512,544,32,6.25,60,0,0,0
CRC32,0.1,64,512,544,32,6.25,52,0,0,0
CRC32,0.1,128,1024,1056,32,3.12,108,0,0,0
CRC32,0.1,128,1024,1056,32,3.12,109,0,0,0
CRC32,0.1,128,1024,1056,32,3.12,106,0,0,0
CRC32,0.1,128,1024,1056,32,3.12,92,0,0,0
CRC32,0.1,128,1024,1056,32,3.12,99,0,0,0
CRC32,0.1,128,1024,1056,32,3.12,103,0,0,0
CRC32,0.1,128,1024,1056,32,3.12,103,0,0,0
CRC32,0.1,128,1024,1056,32,3.12,129,0,0,0
CRC32,0.1,128,1024,1056,32,3.12,89,0,0,0
CRC32,0.1,128,1024,1056,32,3.12,111,0,0,0
CRC32,0.1,128,1024,1056,32,3.12,100,0,0,0
CRC32,0.1,128,1024,1056,32,3.12,103,0,0,0
CRC32,0.1,128,1024,1056,32,3.12,110,0,0,0
CRC32,0.1,128,1024,1056,32,3.12,93,0,0,0
CRC32,0.1,128,1024,1056,32,3.12,108,0,0,0
CRC32,0.1,128,1024,1056,32,3.12,85,0,0,0
CRC32,0.1,128,1024,1056,32,3.12,102,0,0,0
CRC32,0.1,128,1024,1056,32,3.12,109,0,0,0
CRC32,0.1,128,1024,1056,32,3.12,99,0,0,0
CRC32,0.1,128,1024,1056,32,3.12,110,0,0,0
CRC32,0.1,128,1024,1056,32,3.12,108,0,0,0
CRC32,0.1,128,1024,1056,32,3.12,82,0,0,0
CRC32,0.1,128,1024,1056,32,3.12,102,0,0,0
CRC32,0.1,128,1024,1056,32,3.12,105,0,0,0
CRC32,0.1,128,1024,1056,32,3.12,106,0,0,0
CRC32,0.1,128,1024,1056,32,3.12,121,0,0,0
CRC32,0.1,128,1024,1056,32,3.12,73,0,0,0
CRC32,0.1,128,1024,1056,32,3.12,107,0,0,0
CRC32,0.1,128,1024,1056,32,3.12,104,0,0,0
CRC32,0.1,128,1024,1056,32,3.12,106,0,0,0
CRC32,0.1,128,1024,1056,32,3.12,117,0,0,0
CRC32,0.1,128,1024,1056,32,3.12,100,0,0,0
CRC32,0.1,128,1024,1056,32,3.12,110,0,0,0
CRC32,0.1,128,1024,1056,32,3.12,115,0,0,0
CRC32,0.1,128,1024,1056,32,3.12,102,0,0,0
CRC32,0.1,128,1024,1056,32,3.12,119,0,0,0
CRC32,0.1,128,1024,1056,32,3.12,120,0,0,0
CRC32,0.1,128,1024,1056,32,3.12,119,0,0,0
CRC32,0.1,128,1024,1056,32,3.12,108,0,0,0
CRC32,0.1,128,1024,1056,32,3.12,114,0,0,0
AMBOS,0.001,4,32,112,80,250.0,0,0,1,1
AMBOS,0.001,4,32,112,80,250.0,0,0,1,1
AMBOS,0.001,4,32,112,80,250.0,0,0,1,1
AMBOS,0.001,4,32,112,80,250.0,0,0,1,1
AMBOS,0.001,4,32,112,80,250.0,0,0,1,1
AMBOS,0.001,4,32,112,80,250.0,0,0,1,1
AMBOS,0.001,4,32,112,80,250.0,0,0,1,1
AMBOS,0.001,4,32,112,80,250.0,0,0,1,1
AMBOS,0.001,4,32,112,80,250.0,0,0,1,1
AMBOS,0.001,4,32,112,80,250.0,0,0,1,1
AMBOS,0.001,4,32,112,80,250.0,0,0,1,1
AMBOS,0.001,4,32,112,80,250.0,0,0,1,1
AMBOS,0.001,4,32,112,80,250.0,1,1,1,1
AMBOS,0.001,4,32,112,80,250.0,0,0,1,1
AMBOS,0.001,4,32,112,80,250.0,1,1,1,1
AMBOS,0.001,4,32,112,80,250.0,0,0,1,1
AMBOS,0.001,4,32,112,80,250.0,0,0,1,1
AMBOS,0.001,4,32,112,80,250.0,0,0,1,1
AMBOS,0.001,4,32,112,80,250.0,0,0,1,1
AMBOS,0.001,4,32,112,80,250.0,1,1,1,1
AMBOS,0.001,4,32,112,80,250.0,0,0,1,1
AMBOS,0.001,4,32,112,80,250.0,0,0,1,1
AMBOS,0.001,4,32,112,80,250.0,0,0,1,1
AMBOS,0.001,4,32,112,80,250.0,0,0,1,1
AMBOS,0.001,4,32,112,80,250.0,0,0,1,1
AMBOS,0.001,4,32,112,80,250.0,0,0,1,1
AMBOS,0.001,4,32,112,80,250.0,0,0,1,1
AMBOS,0.001,4,32,112,80,250.0,0,0,1,1
AMBOS,0.001,4,32,112,80,250.0,0,0,1,1
AMBOS,0.001,4,32,112,80,250.0,0,0,1,1
AMBOS,0.001,4,32,112,80,250.0,0,0,1,1
AMBOS,0.001,4,32,112,80,250.0,0,0,1,1
AMBOS,0.001,4,32,112,80,250.0,0,0,1,1
AMBOS,0.001,4,32,112,80,250.0,0,0,1,1
AMBOS,0.001,4,32,112,80,250.0,1,1,1,1
AMBOS,0.001,4,32,112,80,250.0,0,0,1,1
AMBOS,0.001,4,32,112,80,250.0,0,0,1,1
AMBOS,0.001,4,32,112,80,250.0,0,0,1,1
AMBOS,0.001,4,32,112,80,250.0,0,0,1,1
AMBOS,0.001,4,32,112,80,250.0,1,1,1,1
AMBOS,0.001,8,64,168,104,162.5,0,0,1,1
AMBOS,0.001,8,64,168,104,162.5,0,0,1,1
AMBOS,0.001,8,64,168,104,162.5,0,0,1,1
AMBOS,0.001,8,64,168,104,162.5,0,0,1,1
AMBOS,0.001,8,64,168,104,162.5,0,0,1,1
AMBOS,0.001,8,64,168,104,162.5,0,0,1,1
AMBOS,0.001,8,64,168,104,162.5,0,0,1,1
AMBOS,0.001,8,64,168,104,162.5,0,0,1,1
AMBOS,0.001,8,64,168,104,162.5,0,0,1,1
AMBOS,0.001,8,64,168,104,162.5,0,0,1,1
AMBOS,0.001,8,64,168,104,162.5,1,1,1,1
AMBOS,0.001,8,64,168,104,162.5,0,0,1,1
AMBOS,0.001,8,64,168,104,162.5,1,1,1,1
AMBOS,0.001,8,64,168,104,162.5,0,0,1,1
AMBOS,0.001,8,64,168,104,162.5,0,0,1,1
AMBOS,0.001,8,64,168,104,162.5,0,0,1,1
AMBOS,0.001,8,64,168,104,162.5,0,0,1,1
AMBOS,0.001,8,64,168,104,162.5,0,0,1,1
AMBOS,0.001,8,64,168,104,162.5,0,0,1,1
AMBOS,0.001,8,64,168,104,162.5,0,0,1,1
AMBOS,0.001,8,64,168,104,162.5,0,0,1,1
AMBOS,0.001,8,64,168,104,162.5,0,0,1,1
AMBOS,0.001,8,64,168,104,162.5,0,0,1,1
AMBOS,0.001,8,64,168,104,162.5,0,0,1,1
AMBOS,0.001,8,64,168,104,162.5,0,0,1,1
AMBOS,0.001,8,64,168,104,162.5,0,0,1,1
AMBOS,0.001,8,64,168,104,162.5,0,0,1,1
AMBOS,0.001,8,64,168,104,162.5,0,0,1,1
AMBOS,0.001,8,64,168,104,162.5,0,0,1,1
AMBOS,0.001,8,64,168,104,162.5,0,0,1,1
AMBOS,0.001,8,64,168,104,162.5,0,0,1,1
AMBOS,0.001,8,64,168,104,162.5,2,2,1,1
AMBOS,0.001,8,64,168,104,162.5,0,0,1,1
AMBOS,0.001,8,64,168,104,162.5,0,0,1,1
AMBOS,0.001,8,64,168,104,162.5,0,0,1,1
AMBOS,0.001,8,64,168,104,162.5,0,0,1,1
AMBOS,0.001,8,64,168,104,162.5,0,0,1,1
AMBOS,0.001,8,64,168,104,162.5,0,0,1,1
AMBOS,0.001,8,64,168,104,162.5,0,0,1,1
AMBOS,0.001,8,64,168,104,162.5,0,0,1,1
AMBOS,0.001,16,128,280,152,118.75,0,0,1,1
AMBOS,0.001,16,128,280,152,118.75,1,1,1,1
AMBOS,0.001,16,128,280,152,118.75,3,3,1,1
AMBOS,0.001,16,128,280,152,118.75,1,1,1,1
AMBOS,0.001,16,128,280,152,118.75,1,1,1,1
AMBOS,0.001,16,128,280,152,118.75,0,0,1,1
AMBOS,0.001,16,128,280,152,118.75,0,0,1,1
AMBOS,0.001,16,128,280,152,118.75,0,0,1,1
AMBOS,0.001,16,128,280,152,118.75,0,0,1,1
AMBOS,0.001,16,128,280,152,118.75,0,0,1,1
AMBOS,0.001,16,128,280,152,118.75,0,0,1,1
AMBOS,0.001,16,128,280,152,118.75,1,1,1,1
AMBOS,0.001,16,128,280,152,118.75,0,0,1,1
AMBOS,0.001,16,128,280,152,118.75,0,0,1,1
AMBOS,0.001,16,128,280,152,118.75,2,2,1,1
AMBOS,0.001,16,128,280,152,118.75,0,0,1,1
AMBOS,0.001,16,128,280,152,118.75,0,0,1,1
AMBOS,0.001,16,128,280,152,118.75,0,0,1,1
AMBOS,0.001,16,128,280,152,118.75,0,0,1,1
AMBOS,0.001,16,128,280,152,118.75,0,0,1,1
AMBOS,0.001,16,128,280,152,118.75,0,0,1,1
AMBOS,0.001,16,128,280,152,118.75,0,0,1,1
AMBOS,0.001,16,128,280,152,118.75,1,1,1,1
AMBOS,0.001,16,128,280,152,118.75,0,0,1,1
AMBOS,0.001,16,128,280,152,118.75,0,0,1,1
AMBOS,0.001,16,128,280,152,118.75,2,2,1,1
AMBOS,0.001,16,128,280,152,118.75,0,0,1,1
AMBOS,0.001,16,128,280,152,118.75,0,0,1,1
AMBOS,0.001,16,128,280,152,118.75,0,0,1,1
AMBOS,0.001,16,128,280,152,118.75,0,0,1,1
AMBOS,0.001,16,128,280,152,118.75,0,0,1,1
AMBOS,0.001,16,128,280,152,118.75,0,0,1,1
AMBOS,0.001,16,128,280,152,118.75,0,0,1,1
AMBOS,0.001,16,128,280,152,118.75,2,2,1,1
AMBOS,0.001,16,128,280,152,118.75,0,0,1,1
AMBOS,0.001,16,128,280,152,118.75,0,0,1,1
AMBOS,0.001,16,128,280,152,118.75,0,0,1,1
AMBOS,0.001,16,128,280,152,118.75,0,0,1,1
AMBOS,0.001,16,128,280,152,118.75,1,1,1,1
AMBOS,0.001,16,128,280,152,118.75,1,1,1,1
AMBOS,0.001,32,256,504,248,96.88,1,1,1,1
AMBOS,0.001,32,256,504,248,96.88,0,0,1,1
AMBOS,0.001,32,256,504,248,96.88,1,1,1,1
AMBOS,0.001,32,256,504,248,96.88,0,0,1,1
AMBOS,0.001,32,256,504,248,96.88,0,0,1,1
AMBOS,0.001,32,256,504,248,96.88,1,1,1,1
AMBOS,0.001,32,256,504,248,96.88,0,0,1,1
AMBOS,0.001,32,256,504,248,96.88,1,1,1,1
AMBOS,0.001,32,256,504,248,96.88,0,0,1,1
AMBOS,0.001,32,256,504,248,96.88,1,1,1,1
AMBOS,0.001,32,256,504,248,96.88,1,1,1,1
AMBOS,0.001,32,256,504,248,96.88,0,0,1,1
AMBOS,0.001,32,256,504,248,96.88,0,0,1,1
AMBOS,0.001,32,256,504,248,96.88,0,0,1,1
AMBOS,0.001,32,256,504,248,96.88,2,2,1,1
AMBOS,0.001,32,256,504,248,96.88,2,2,1,1
AMBOS,0.001,32,256,504,248,96.88,1,1,1,1
AMBOS,0.001,32,256,504,248,96.88,1,1,1,1
AMBOS,0.001,32,256,504,248,96.88,1,1,1,1
AMBOS,0.001,32,256,504,248,96.88,0,0,1,1
AMBOS,0.001,32,256,504,248,96.88,1,1,1,1
AMBOS,0.001,32,256,504,248,96.88,0,0,1,1
AMBOS,0.001,32,256,504,248,96.88,1,1,1,1
AMBOS,0.001,32,256,504,248,96.88,0,0,1,1
AMBOS,0.001,32,256,504,248,96.88,1,1,1,1
AMBOS,0.001,32,256,504,248,96.88,1,1,1,1
AMBOS,0.001,32,256,504,248,96.88,0,0,1,1
AMBOS,0.001,32,256,504,248,96.88,0,0,1,1
AMBOS,0.001,32,256,504,248,96.88,0,0,1,1
AMBOS,0.001,32,256,504,248,96.88,0,0,1,1
AMBOS,0.001,32,256,504,248,96.88,0,0,1,1
AMBOS,0.001,32,256,504,248,96.88,0,0,1,1
AMBOS,0.001,32,256,504,248,96.88,0,0,1,1
AMBOS,0.001,32,256,504,248,96.88,1,1,1,1
AMBOS,0.001,32,256,504,248,96.88,0,0,1,1
AMBOS,0.001,32,256,504,248,96.88,0,0,1,1
AMBOS,0.001,32,256,504,248,96.88,0,0,1,1
AMBOS,0.001,32,256,504,248,96.88,1,1,1,1
AMBOS,0.001,32,256,504,248,96.88,0,0,1,1
AMBOS,0.001,32,256,504,248,96.88,0,0,1,1
AMBOS,0.001,64,512,952,440,85.94,4,4,1,1
AMBOS,0.001,64,512,952,440,85.94,1,1,1,1
AMBOS,0.001,64,512,952,440,85.94,1,1,1,1
AMBOS,0.001,64,512,952,440,85.94,1,1,1,1
AMBOS,0.001,64,512,952,440,85.94,1,1,1,1
AMBOS,0.001,64,512,952,440,85.94,0,0,1,1
AMBOS,0.001,64,512,952,440,85.94,1,1,1,1
AMBOS,0.001,64,512,952,440,85.94,0,0,1,1
AMBOS,0.001,64,512,952,440,85.94,0,0,1,1
AMBOS,0.001,64,512,952,440,85.94,1,1,1,1
AMBOS,0.001,64,512,952,440,85.94,1,1,1,1
AMBOS,0.001,64,512,952,440,85.94,0,0,1,1
AMBOS,0.001,64,512,952,440,85.94,2,2,1,1
AMBOS,0.001,64,512,952,440,85.94,0,0,1,1
AMBOS,0.001,64,512,952,440,85.94,3,3,1,1
AMBOS,0.001,64,512,952,440,85.94,0,0,1,1
AMBOS,0.001,64,512,952,440,85.94,0,0,1,1
AMBOS,0.001,64,512,952,440,85.94,1,1,1,1
AMBOS,0.001,64,512,952,440,85.94,2,2,1,1
AMBOS,0.001,64,512,952,440,85.94,2,2,1,1
AMBOS,0.001,64,512,952,440,85.94,0,0,1,1
AMBOS,0.001,64,512,952,440,85.94,2,2,1,1
AMBOS,0.001,64,512,952,440,85.94,0,0,1,1
AMBOS,0.001,64,512,952,440,85.94,0,0,1,1
AMBOS,0.001,64,512,952,440,85.94,2,2,1,1
AMBOS,0.001,64,512,952,440,85.94,1,1,1,1
AMBOS,0.001,64,512,952,440,85.94,1,1,1,1
AMBOS,0.001,64,512,952,440,85.94,0,0,1,1
AMBOS,0.001,64,512,952,440,85.94,1,1,1,1
AMBOS,0.001,64,512,952,440,85.94,3,3,1,1
AMBOS,0.001,64,512,952,440,85.94,0,0,1,1
AMBOS,0.001,64,512,952,440,85.94,1,1,1,1
AMBOS,0.001,64,512,952,440,85.94,0,0,1,1
AMBOS,0.001,64,512,952,440,85.94,1,1,1,1
AMBOS,0.001,64,512,952,440,85.94,1,1,1,1
AMBOS,0.001,64,512,952,440,85.94,0,0,1,1
AMBOS,0.001,64,512,952,440,85.94,3,3,1,1
AMBOS,0.001,64,512,952,440,85.94,0,0,1,1
AMBOS,0.001,64,512,952,440,85.94,1,1,1,1
AMBOS,0.001,64,512,952,440,85.94,3,3,1,1
AMBOS,0.001,128,1024,1848,824,80.47,2,2,1,1
AMBOS,0.001,128,1024,1848,824,80.47,2,2,1,1
AMBOS,0.001,128,1024,1848,824,80.47,1,1,1,1
AMBOS,0.001,128,1024,1848,824,80.47,1,1,1,1
AMBOS,0.001,128,1024,1848,824,80.47,1,1,1,1
AMBOS,0.001,128,1024,1848,824,80.47,2,2,1,1
AMBOS,0.001,128,1024,1848,824,80.47,1,1,1,1
AMBOS,0.001,128,1024,1848,824,80.47,4,4,1,1
AMBOS,0.001,128,1024,1848,824,80.47,2,2,1,1
AMBOS,0.001,128,1024,1848,824,80.47,1,1,1,1
AMBOS,0.001,128,1024,1848,824,80.47,0,0,1,1
AMBOS,0.001,128,1024,1848,824,80.47,2,2,1,1
AMBOS,0.001,128,1024,1848,824,80.47,3,3,1,1
AMBOS,0.001,128,1024,1848,824,80.47,0,0,1,1
AMBOS,0.001,128,1024,1848,824,80.47,1,1,1,1
AMBOS,0.001,128,1024,1848,824,80.47,6,6,1,1
AMBOS,0.001,128,1024,1848,824,80.47,1,1,1,1
AMBOS,0.001,128,1024,1848,824,80.47,0,0,1,1
AMBOS,0.001,128,1024,1848,824,80.47,5,5,1,1
AMBOS,0.001,128,1024,1848,824,80.47,2,2,1,1
AMBOS,0.001,128,1024,1848,824,80.47,1,1,1,1
AMBOS,0.001,128,1024,1848,824,80.47,0,0,1,1
AMBOS,0.001,128,1024,1848,824,80.47,1,1,1,1
AMBOS,0.001,128,1024,1848,824,80.47,1,1,1,1
AMBOS,0.001,128,1024,1848,824,80.47,1,1,1,1
AMBOS,0.001,128,1024,1848,824,80.47,2,2,1,1
AMBOS,0.001,128,1024,1848,824,80.47,4,4,1,1
AMBOS,0.001,128,1024,1848,824,80.47,2,2,1,1
AMBOS,0.001,128,1024,1848,824,80.47,2,2,1,1
AMBOS,0.001,128,1024,1848,824,80.47,3,3,1,1
AMBOS,0.001,128,1024,1848,824,80.47,0,0,1,1
AMBOS,0.001,128,1024,1848,824,80.47,2,2,1,1
AMBOS,0.001,128,1024,1848,824,80.47,1,1,1,1
AMBOS,0.001,128,1024,1848,824,80.47,1,1,1,1
AMBOS,0.001,128,1024,1848,824,80.47,0,0,1,1
AMBOS,0.001,128,1024,1848,824,80.47,3,3,1,1
AMBOS,0.001,128,1024,1848,824,80.47,3,3,1,1
AMBOS,0.001,128,1024,1848,824,80.47,3,3,1,1
AMBOS,0.001,128,1024,1848,824,80.47,4,4,1,1
AMBOS,0.001,128,1024,1848,824,80.47,3,3,1,1
AMBOS,0.005,4,32,112,80,250.0,0,0,1,1
AMBOS,0.005,4,32,112,80,250.0,0,0,1,1
AMBOS,0.005,4,32,112,80,250.0,0,0,1,1
AMBOS,0.005,4,32,112,80,250.0,2,2,1,1
AMBOS,0.005,4,32,112,80,250.0,0,0,1,1
AMBOS,0.005,4,32,112,80,250.0,1,1,1,1
AMBOS,0.005,4,32,112,80,250.0,2,2,1,1
AMBOS,0.005,4,32,112,80,250.0,0,0,1,1
AMBOS,0.005,4,32,112,80,250.0,2,2,1,1
AMBOS,0.005,4,32,112,80,250.0,0,0,1,1
AMBOS,0.005,4,32,112,80,250.0,0,0,1,1
AMBOS,0.005,4,32,112,80,250.0,0,0,1,1
AMBOS,0.005,4,32,112,80,250.0,0,0,1,1
AMBOS,0.005,4,32,112,80,250.0,1,1,1,1
AMBOS,0.005,4,32,112,80,250.0,2,2,1,1
AMBOS,0.005,4,32,112,80,250.0,1,1,1,1
AMBOS,0.005,4,32,112,80,250.0,0,0,1,1
AMBOS,0.005,4,32,112,80,250.0,0,0,1,1
AMBOS,0.005,4,32,112,80,250.0,1,1,1,1
AMBOS,0.005,4,32,112,80,250.0,0,0,1,1
AMBOS,0.005,4,32,112,80,250.0,0,0,1,1
AMBOS,0.005,4,32,112,80,250.0,0,0,1,1
AMBOS,0.005,4,32,112,80,250.0,2,2,1,1
AMBOS,0.005,4,32,112,80,250.0,0,0,1,1
AMBOS,0.005,4,32,112,80,250.0,0,0,1,1
AMBOS,0.005,4,32,112,80,250.0,0,0,1,1
AMBOS,0.005,4,32,112,80,250.0,0,0,1,1
AMBOS,0.005,4,32,112,80,250.0,0,0,1,1
AMBOS,0.005,4,32,112,80,250.0,1,1,1,1
AMBOS,0.005,4,32,112,80,250.0,0,0,1,1
AMBOS,0.005,4,32,112,80,250.0,1,1,1,1
AMBOS,0.005,4,32,112,80,250.0,2,1,0,1
AMBOS,0.005,4,32,112,80,250.0,0,0,1,1
AMBOS,0.005,4,32,112,80,250.0,0,0,1,1
AMBOS,0.005,4,32,112,80,250.0,2,2,1,1
AMBOS,0.005,4,32,112,80,250.0,0,0,1,1
AMBOS,0.005,4,32,112,80,250.0,2,2,1,1
AMBOS,0.005,4,32,112,80,250.0,3,3,1,1
AMBOS,0.005,4,32,112,80,250.0,0,0,1,1
AMBOS,0.005,4,32,112,80,250.0,0,0,1,1
AMBOS,0.005,8,64,168,104,162.5,2,2,1,1
AMBOS,0.005,8,64,168,104,162.5,1,1,1,1
AMBOS,0.005,8,64,168,104,162.5,2,2,1,1
AMBOS,0.005,8,64,168,104,162.5,0,0,1,1
AMBOS,0.005,8,64,168,104,162.5,1,1,1,1
AMBOS,0.005,8,64,168,104,162.5,1,1,1,1
AMBOS,0.005,8,64,168,104,162.5,1,1,1,1
AMBOS,0.005,8,64,168,104,162.5,1,1,1,1
AMBOS,0.005,8,64,168,104,162.5,0,0,1,1
AMBOS,0.005,8,64,168,104,162.5,1,1,1,1
AMBOS,0.005,8,64,168,104,162.5,1,1,1,1
AMBOS,0.005,8,64,168,104,162.5,2,2,1,1
AMBOS,0.005,8,64,168,104,162.5,2,2,1,1
AMBOS,0.005,8,64,168,104,162.5,0,0,1,1
AMBOS,0.005,8,64,168,104,162.5,1,1,1,1
AMBOS,0.005,8,64,168,104,162.5,0,0,1,1
AMBOS,0.005,8,64,168,104,162.5,1,1,1,1
AMBOS,0.005,8,64,168,104,162.5,0,0,1,1
AMBOS,0.005,8,64,168,104,162.5,0,0,1,1
AMBOS,0.005,8,64,168,104,162.5,0,0,1,1
AMBOS,0.005,8,64,168,104,162.5,1,1,1,1
AMBOS,0.005,8,64,168,104,162.5,0,0,1,1
AMBOS,0.005,8,64,168,104,162.5,2,2,1,1
AMBOS,0.005,8,64,168,104,162.5,2,2,1,1
AMBOS,0.005,8,64,168,104,162.5,1,1,1,1
AMBOS,0.005,8,64,168,104,162.5,0,0,1,1
AMBOS,0.005,8,64,168,104,162.5,2,2,1,1
AMBOS,0.005,8,64,168,104,162.5,1,1,1,1
AMBOS,0.005,8,64,168,104,162.5,2,2,1,1
AMBOS,0.005,8,64,168,104,162.5,0,0,1,1
AMBOS,0.005,8,64,168,104,162.5,0,0,1,1
AMBOS,0.005,8,64,168,104,162.5,0,0,1,1
AMBOS,0.005,8,64,168,104,162.5,1,1,1,1
AMBOS,0.005,8,64,168,104,162.5,2,2,1,1
AMBOS,0.005,8,64,168,104,162.5,2,2,1,1
AMBOS,0.005,8,64,168,104,162.5,1,1,1,1
AMBOS,0.005,8,64,168,104,162.5,1,1,1,1
AMBOS,0.005,8,64,168,104,162.5,0,0,1,1
AMBOS,0.005,8,64,168,104,162.5,0,0,1,1
AMBOS,0.005,8,64,168,104,162.5,3,3,1,1
AMBOS,0.005,16,128,280,152,118.75,4,3,0,0
AMBOS,0.005,16,128,280,152,118.75,1,1,1,1
AMBOS,0.005,16,128,280,152,118.75,2,2,1,1
AMBOS,0.005,16,128,280,152,118.75,2,2,1,1
AMBOS,0.005,16,128,280,152,118.75,1,1,1,1
AMBOS,0.005,16,128,280,152,118.75,0,0,1,1
AMBOS,0.005,16,128,280,152,118.75,3,3,1,1
AMBOS,0.005,16,128,280,152,118.75,2,2,1,1
AMBOS,0.005,16,128,280,152,118.75,3,3,1,1
AMBOS,0.005,16,128,280,152,118.75,1,1,1,1
AMBOS,0.005,16,128,280,152,118.75,1,1,1,1
AMBOS,0.005,16,128,280,152,118.75,0,0,1,1
AMBOS,0.005,16,128,280,152,118.75,1,1,1,1
AMBOS,0.005,16,128,280,152,118.75,1,1,1,1
AMBOS,0.005,16,128,280,152,118.75,0,0,1,1
AMBOS,0.005,16,128,280,152,118.75,3,3,1,1
AMBOS,0.005,16,128,280,152,118.75,0,0,1,1
AMBOS,0.005,16,128,280,152,118.75,4,4,1,1
AMBOS,0.005,16,128,280,152,118.75,1,1,1,1
AMBOS,0.005,16,128,280,152,118.75,1,1,1,1
AMBOS,0.005,16,128,280,152,118.75,1,1,1,1
AMBOS,0.005,16,128,280,152,118.75,3,3,1,1
AMBOS,0.005,16,128,280,152,118.75,2,2,1,1
AMBOS,0.005,16,128,280,152,118.75,2,2,1,1
AMBOS,0.005,16,128,280,152,118.75,1,1,1,1
AMBOS,0.005,16,128,280,152,118.75,1,1,1,1
AMBOS,0.005,16,128,280,152,118.75,3,3,1,1
AMBOS,0.005,16,128,280,152,118.75,0,0,1,1
AMBOS,0.005,16,128,280,152,118.75,3,3,1,1
AMBOS,0.005,16,128,280,152,118.75,1,1,1,1
AMBOS,0.005,16,128,280,152,118.75,2,2,1,1
AMBOS,0.005,16,128,280,152,118.75,1,1,1,1
AMBOS,0.005,16,128,280,152,118.75,0,0,1,1
AMBOS,0.005,16,128,280,152,118.75,0,0,1,1
AMBOS,0.005,16,128,280,152,118.75,0,0,1,1
AMBOS,0.005,16,128,280,152,118.75,1,1,1,1
AMBOS,0.005,16,128,280,152,118.75,1,1,1,1
AMBOS,0.005,16,128,280,152,118.75,4,4,1,1
AMBOS,0.005,16,128,280,152,118.75,1,1,1,1
AMBOS,0.005,16,128,280,152,118.75,0,0,1,1
AMBOS,0.005,32,256,504,248,96.88,2,2,1,1
AMBOS,0.005,32,256,504,248,96.88,4,4,1,1
AMBOS,0.005,32,256,504,248,96.88,0,0,1,1
AMBOS,0.005,32,256,504,248,96.88,5,5,1,1
AMBOS,0.005,32,256,504,248,96.88,1,1,1,1
AMBOS,0.005,32,256,504,248,96.88,5,5,1,1
AMBOS,0.005,32,256,504,248,96.88,4,4,1,1
AMBOS,0.005,32,256,504,248,96.88,4,4,1,1
AMBOS,0.005,32,256,504,248,96.88,3,3,1,1
AMBOS,0.005,32,256,504,248,96.88,3,3,1,1
AMBOS,0.005,32,256,504,248,96.88,0,0,1,1
AMBOS,0.005,32,256,504,248,96.88,2,2,1,1
AMBOS,0.005,32,256,504,248,96.88,2,2,1,1
AMBOS,0.005,32,256,504,248,96.88,3,3,1,1
AMBOS,0.005,32,256,504,248,96.88,0,0,1,1
AMBOS,0.005,32,256,504,248,96.88,3,3,1,1
AMBOS,0.005,32,256,504,248,96.88,1,1,1,1
AMBOS,0.005,32,256,504,248,96.88,2,2,1,1
AMBOS,0.005,32,256,504,248,96.88,3,3,1,1
AMBOS,0.005,32,256,504,248,96.88,6,6,1,1
AMBOS,0.005,32,256,504,248,96.88,0,0,1,1
AMBOS,0.005,32,256,504,248,96.88,3,3,1,1
AMBOS,0.005,32,256,504,248,96.88,2,2,1,1
AMBOS,0.005,32,256,504,248,96.88,3,3,1,1
AMBOS,0.005,32,256,504,248,96.88,0,0,1,1
AMBOS,0.005,32,256,504,248,96.88,1,1,1,1
AMBOS,0.005,32,256,504,248,96.88,4,4,1,1
AMBOS,0.005,32,256,504,248,96.88,3,3,1,1
AMBOS,0.005,32,256,504,248,96.88,6,6,1,1
AMBOS,0.005,32,256,504,248,96.88,5,5,1,1
AMBOS,0.005,32,256,504,248,96.88,2,2,1,1
AMBOS,0.005,32,256,504,248,96.88,3,3,1,1
AMBOS,0.005,32,256,504,248,96.88,2,2,1,1
AMBOS,0.005,32,256,504,248,96.88,3,3,1,1
AMBOS,0.005,32,256,504,248,96.88,0,0,1,1
AMBOS,0.005,32,256,504,248,96.88,2,2,1,1
AMBOS,0.005,32,256,504,248,96.88,2,2,1,1
AMBOS,0.005,32,256,504,248,96.88,5,5,1,1
AMBOS,0.005,32,256,504,248,96.88,3,3,1,1
AMBOS,0.005,32,256,504,248,96.88,2,2,1,1
AMBOS,0.005,64,512,952,440,85.94,4,4,1,1
AMBOS,0.005,64,512,952,440,85.94,2,2,1,1
AMBOS,0.005,64,512,952,440,85.94,6,6,1,1
AMBOS,0.005,64,512,952,440,85.94,3,3,1,1
AMBOS,0.005,64,512,952,440,85.94,3,3,1,1
AMBOS,0.005,64,512,952,440,85.94,5,5,1,1
AMBOS,0.005,64,512,952,440,85.94,3,3,1,1
AMBOS,0.005,64,512,952,440,85.94,8,8,1,1
AMBOS,0.005,64,512,952,440,85.94,8,8,1,1
AMBOS,0.005,64,512,952,440,85.94,5,5,1,1
AMBOS,0.005,64,512,952,440,85.94,5,5,1,1
AMBOS,0.005,64,512,952,440,85.94,4,4,1,1
AMBOS,0.005,64,512,952,440,85.94,3,3,1,1
AMBOS,0.005,64,512,952,440,85.94,7,7,1,1
AMBOS,0.005,64,512,952,440,85.94,6,6,1,1
AMBOS,0.005,64,512,952,440,85.94,4,4,1,1
AMBOS,0.005,64,512,952,440,85.94,5,5,1,1
AMBOS,0.005,64,512,952,440,85.94,1,1,1,1
AMBOS,0.005,64,512,952,440,85.94,3,3,1,1
AMBOS,0.005,64,512,952,440,85.94,5,5,1,1
AMBOS,0.005,64,512,952,440,85.94,3,3,1,1
AMBOS,0.005,64,512,952,440,85.94,4,4,1,1
AMBOS,0.005,64,512,952,440,85.94,3,3,1,1
AMBOS,0.005,64,512,952,440,85.94,7,7,1,1
AMBOS,0.005,64,512,952,440,85.94,1,1,1,1
AMBOS,0.005,64,512,952,440,85.94,4,4,1,1
AMBOS,0.005,64,512,952,440,85.94,2,2,1,1
AMBOS,0.005,64,512,952,440,85.94,3,3,1,1
AMBOS,0.005,64,512,952,440,85.94,5,5,1,1
AMBOS,0.005,64,512,952,440,85.94,2,2,1,1
AMBOS,0.005,64,512,952,440,85.94,3,3,1,1
AMBOS,0.005,64,512,952,440,85.94,9,8,0,0
AMBOS,0.005,64,512,952,440,85.94,6,6,1,1
AMBOS,0.005,64,512,952,440,85.94,5,4,0,0
AMBOS,0.005,64,512,952,440,85.94,2,2,1,1
AMBOS,0.005,64,512,952,440,85.94,6,6,1,1
AMBOS,0.005,64,512,952,440,85.94,4,4,1,1
AMBOS,0.005,64,512,952,440,85.94,3,3,1,1
AMBOS,0.005,64,512,952,440,85.94,7,7,1,1
AMBOS,0.005,64,512,952,440,85.94,5,4,0,0
AMBOS,0.005,128,1024,1848,824,80.47,12,12,1,1
AMBOS,0.005,128,1024,1848,824,80.47,7,7,1,1
AMBOS,0.005,128,1024,1848,824,80.47,13,13,1,1
AMBOS,0.005,128,1024,1848,824,80.47,13,12,0,1
AMBOS,0.005,128,1024,1848,824,80.47,9,9,1,1
AMBOS,0.005,128,1024,1848,824,80.47,4,4,1,1
AMBOS,0.005,128,1024,1848,824,80.47,7,7,1,1
AMBOS,0.005,128,1024,1848,824,80.47,9,9,1,1
AMBOS,0.005,128,1024,1848,824,80.47,12,12,1,1
AMBOS,0.005,128,1024,1848,824,80.47,16,16,1,1
AMBOS,0.005,128,1024,1848,824,80.47,15,15,1,1
AMBOS,0.005,128,1024,1848,824,80.47,14,14,1,1
AMBOS,0.005,128,1024,1848,824,80.47,11,10,0,0
AMBOS,0.005,128,1024,1848,824,80.47,10,10,1,1
AMBOS,0.005,128,1024,1848,824,80.47,10,10,1,1
AMBOS,0.005,128,1024,1848,824,80.47,12,11,0,0
AMBOS,0.005,128,1024,1848,824,80.47,8,8,1,1
AMBOS,0.005,128,1024,1848,824,80.47,6,6,1,1
AMBOS,0.005,128,1024,1848,824,80.47,10,10,1,1
AMBOS,0.005,128,1024,1848,824,80.47,5,5,1,1
AMBOS,0.005,128,1024,1848,824,80.47,7,7,1,1
AMBOS,0.005,128,1024,1848,824,80.47,7,7,1,1
AMBOS,0.005,128,1024,1848,824,80.47,10,10,1,1
AMBOS,0.005,128,1024,1848,824,80.47,8,8,1,1
AMBOS,0.005,128,1024,1848,824,80.47,11,11,1,1
AMBOS,0.005,128,1024,1848,824,80.47,12,11,0,1
AMBOS,0.005,128,1024,1848,824,80.47,10,10,1,1
AMBOS,0.005,128,1024,1848,824,80.47,12,12,1,1
AMBOS,0.005,128,1024,1848,824,80.47,7,7,1,1
AMBOS,0.005,128,1024,1848,824,80.47,16,15,0,0
AMBOS,0.005,128,1024,1848,824,80.47,7,7,1,1
AMBOS,0.005,128,1024,1848,824,80.47,8,8,1,1
AMBOS,0.005,128,1024,1848,824,80.47,8,8,1,1
AMBOS,0.005,128,1024,1848,824,80.47,12,11,0,0
AMBOS,0.005,128,1024,1848,824,80.47,11,11,1,1
AMBOS,0.005,128,1024,1848,824,80.47,11,11,1,1
AMBOS,0.005,128,1024,1848,824,80.47,16,15,0,0
AMBOS,0.005,128,1024,1848,824,80.47,13,13,1,1
AMBOS,0.005,128,1024,1848,824,80.47,4,4,1,1
AMBOS,0.005,128,1024,1848,824,80.47,12,12,1,1
AMBOS,0.01,4,32,112,80,250.0,1,1,1,1
AMBOS,0.01,4,32,112,80,250.0,0,0,1,1
AMBOS,0.01,4,32,112,80,250.0,1,1,1,1
AMBOS,0.01,4,32,112,80,250.0,1,1,1,1
AMBOS,0.01,4,32,112,80,250.0,3,3,1,1
AMBOS,0.01,4,32,112,80,250.0,0,0,1,1
AMBOS,0.01,4,32,112,80,250.0,1,1,1,1
AMBOS,0.01,4,32,112,80,250.0,1,1,1,1
AMBOS,0.01,4,32,112,80,250.0,1,1,1,1
AMBOS,0.01,4,32,112,80,250.0,1,1,1,1
AMBOS,0.01,4,32,112,80,250.0,2,2,1,1
AMBOS,0.01,4,32,112,80,250.0,1,1,1,1
AMBOS,0.01,4,32,112,80,250.0,2,2,1,1
AMBOS,0.01,4,32,112,80,250.0,2,2,1,1
AMBOS,0.01,4,32,112,80,250.0,0,0,1,1
AMBOS,0.01,4,32,112,80,250.0,1,1,1,1
AMBOS,0.01,4,32,112,80,250.0,2,2,1,1
AMBOS,0.01,4,32,112,80,250.0,2,2,1,1
AMBOS,0.01,4,32,112,80,250.0,0,0,1,1
AMBOS,0.01,4,32,112,80,250.0,0,0,1,1
AMBOS,0.01,4,32,112,80,250.0,0,0,1,1
AMBOS,0.01,4,32,112,80,250.0,3,3,1,1
AMBOS,0.01,4,32,112,80,250.0,3,3,1,1
AMBOS,0.01,4,32,112,80,250.0,0,0,1,1
AMBOS,0.01,4,32,112,80,250.0,1,1,1,1
AMBOS,0.01,4,32,112,80,250.0,1,1,1,1
AMBOS,0.01,4,32,112,80,250.0,0,0,1,1
AMBOS,0.01,4,32,112,80,250.0,0,0,1,1
AMBOS,0.01,4,32,112,80,250.0,2,2,1,1
AMBOS,0.01,4,32,112,80,250.0,2,2,1,1
AMBOS,0.01,4,32,112,80,250.0,1,1,1,1
AMBOS,0.01,4,32,112,80,250.0,0,0,1,1
AMBOS,0.01,4,32,112,80,250.0,0,0,1,1
AMBOS,0.01,4,32,112,80,250.0,1,1,1,1
AMBOS,0.01,4,32,112,80,250.0,0,0,1,1
AMBOS,0.01,4,32,112,80,250.0,0,0,1,1
AMBOS,0.01,4,32,112,80,250.0,0,0,1,1
AMBOS,0.01,4,32,112,80,250.0,1,1,1,1
AMBOS,0.01,4,32,112,80,250.0,0,0,1,1
AMBOS,0.01,4,32,112,80,250.0,2,2,1,1
AMBOS,0.01,8,64,168,104,162.5,1,1,1,1
AMBOS,0.01,8,64,168,104,162.5,0,0,1,1
AMBOS,0.01,8,64,168,104,162.5,1,1,1,1
AMBOS,0.01,8,64,168,104,162.5,2,2,1,1
AMBOS,0.01,8,64,168,104,162.5,0,0,1,1
AMBOS,0.01,8,64,168,104,162.5,1,1,1,1
AMBOS,0.01,8,64,168,104,162.5,1,1,1,1
AMBOS,0.01,8,64,168,104,162.5,0,0,1,1
AMBOS,0.01,8,64,168,104,162.5,3,3,1,1
AMBOS,0.01,8,64,168,104,162.5,1,1,1,1
AMBOS,0.01,8,64,168,104,162.5,0,0,1,1
AMBOS,0.01,8,64,168,104,162.5,1,1,1,1
AMBOS,0.01,8,64,168,104,162.5,1,1,1,1
AMBOS,0.01,8,64,168,104,162.5,3,2,0,0
AMBOS,0.01,8,64,168,104,162.5,0,0,1,1
AMBOS,0.01,8,64,168,104,162.5,0,0,1,1
AMBOS,0.01,8,64,168,104,162.5,0,0,1,1
AMBOS,0.01,8,64,168,104,162.5,3,3,1,1
AMBOS,0.01,8,64,168,104,162.5,2,2,1,1
AMBOS,0.01,8,64,168,104,162.5,1,1,1,1
AMBOS,0.01,8,64,168,104,162.5,0,0,1,1
AMBOS,0.01,8,64,168,104,162.5,3,3,1,1
AMBOS,0.01,8,64,168,104,162.5,1,1,1,1
AMBOS,0.01,8,64,168,104,162.5,1,1,1,1
AMBOS,0.01,8,64,168,104,162.5,1,1,1,1
AMBOS,0.01,8,64,168,104,162.5,0,0,1,1
AMBOS,0.01,8,64,168,104,162.5,1,1,1,1
AMBOS,0.01,8,64,168,104,162.5,3,3,1,1
AMBOS,0.01,8,64,168,104,162.5,0,0,1,1
AMBOS,0.01,8,64,168,104,162.5,0,0,1,1
AMBOS,0.01,8,64,168,104,162.5,2,2,1,1
AMBOS,0.01,8,64,168,104,162.5,3,3,1,1
AMBOS,0.01,8,64,168,104,162.5,5,5,1,1
AMBOS,0.01,8,64,168,104,162.5,4,3,0,0
AMBOS,0.01,8,64,168,104,162.5,0,0,1,1
AMBOS,0.01,8,64,168,104,162.5,3,3,1,1
AMBOS,0.01,8,64,168,104,162.5,4,4,1,1
AMBOS,0.01,8,64,168,104,162.5,2,2,1,1
AMBOS,0.01,8,64,168,104,162.5,2,2,1,1
AMBOS,0.01,8,64,168,104,162.5,2,2,1,1
AMBOS,0.01,16,128,280,152,118.75,5,5,1,1
AMBOS,0.01,16,128,280,152,118.75,1,1,1,1
AMBOS,0.01,16,128,280,152,118.75,2,2,1,1
AMBOS,0.01,16,128,280,152,118.75,5,5,1,1
AMBOS,0.01,16,128,280,152,118.75,3,3,1,1
AMBOS,0.01,16,128,280,152,118.75,3,3,1,1
AMBOS,0.01,16,128,280,152,118.75,3,3,1,1
AMBOS,0.01,16,128,280,152,118.75,3,3,1,1
AMBOS,0.01,16,128,280,152,118.75,3,3,1,1
AMBOS,0.01,16,128,280,152,118.75,2,2,1,1
AMBOS,0.01,16,128,280,152,118.75,0,0,1,1
AMBOS,0.01,16,128,280,152,118.75,1,1,1,1
AMBOS,0.01,16,128,280,152,118.75,1,1,1,1
AMBOS,0.01,16,128,280,152,118.75,5,5,1,1
AMBOS,0.01,16,128,280,152,118.75,1,1,1,1
AMBOS,0.01,16,128,280,152,118.75,2,2,1,1
AMBOS,0.01,16,128,280,152,118.75,7,6,0,0
AMBOS,0.01,16,128,280,152,118.75,2,2,1,1
AMBOS,0.01,16,128,280,152,118.75,1,1,1,1
AMBOS,0.01,16,128,280,152,118.75,3,3,1,1
AMBOS,0.01,16,128,280,152,118.75,4,4,1,1
AMBOS,0.01,16,128,280,152,118.75,2,2,1,1
AMBOS,0.01,16,128,280,152,118.75,4,3,0,0
AMBOS,0.01,16,128,280,152,118.75,3,3,1,1
AMBOS,0.01,16,128,280,152,118.75,6,5,0,0
AMBOS,0.01,16,128,280,152,118.75,3,3,1,1
AMBOS,0.01,16,128,280,152,118.75,1,1,1,1
AMBOS,0.01,16,128,280,152,118.75,3,3,1,1
AMBOS,0.01,16,128,280,152,118.75,3,3,1,1
AMBOS,0.01,16,128,280,152,118.75,3,3,1,1
AMBOS,0.01,16,128,280,152,118.75,0,0,1,1
AMBOS,0.01,16,128,280,152,118.75,3,3,1,1
AMBOS,0.01,16,128,280,152,118.75,1,1,1,1
AMBOS,0.01,16,128,280,152,118.75,4,4,1,1
AMBOS,0.01,16,128,280,152,118.75,1,1,1,1
AMBOS,0.01,16,128,280,152,118.75,2,2,1,1
AMBOS,0.01,16,128,280,152,118.75,0,0,1,1
AMBOS,0.01,16,128,280,152,118.75,3,3,1,1
AMBOS,0.01,16,128,280,152,118.75,1,1,1,1
AMBOS,0.01,16,128,280,152,118.75,2,2,1,1
AMBOS,0.01,32,256,504,248,96.88,4,4,1,1
AMBOS,0.01,32,256,504,248,96.88,12,10,0,0
AMBOS,0.01,32,256,504,248,96.88,5,4,0,0
AMBOS,0.01,32,256,504,248,96.88,3,3,1,1
AMBOS,0.01,32,256,504,248,96.88,5,5,1,1
AMBOS,0.01,32,256,504,248,96.88,2,2,1,1
AMBOS,0.01,32,256,504,248,96.88,4,4,1,1
AMBOS,0.01,32,256,504,248,96.88,7,7,1,1
AMBOS,0.01,32,256,504,248,96.88,5,4,0,0
AMBOS,0.01,32,256,504,248,96.88,6,6,1,1
AMBOS,0.01,32,256,504,248,96.88,2,2,1,1
AMBOS,0.01,32,256,504,248,96.88,3,3,1,1
AMBOS,0.01,32,256,504,248,96.88,4,4,1,1
AMBOS,0.01,32,256,504,248,96.88,5,5,1,1
AMBOS,0.01,32,256,504,248,96.88,5,5,1,1
AMBOS,0.01,32,256,504,248,96.88,6,6,1,1
AMBOS,0.01,32,256,504,248,96.88,0,0,1,1
AMBOS,0.01,32,256,504,248,96.88,7,7,1,1
AMBOS,0.01,32,256,504,248,96.88,3,3,1,1
AMBOS,0.01,32,256,504,248,96.88,2,2,1,1
AMBOS,0.01,32,256,504,248,96.88,7,7,1,1
AMBOS,0.01,32,256,504,248,96.88,4,4,1,1
AMBOS,0.01,32,256,504,248,96.88,4,4,1,1
AMBOS,0.01,32,256,504,248,96.88,4,4,1,1
AMBOS,0.01,32,256,504,248,96.88,4,4,1,1
AMBOS,0.01,32,256,504,248,96.88,1,1,1,1
AMBOS,0.01,32,256,504,248,96.88,6,6,1,1
AMBOS,0.01,32,256,504,248,96.88,3,3,1,1
AMBOS,0.01,32,256,504,248,96.88,6,6,1,1
AMBOS,0.01,32,256,504,248,96.88,9,9,1,1
AMBOS,0.01,32,256,504,248,96.88,6,6,1,1
AMBOS,0.01,32,256,504,248,96.88,3,3,1,1
AMBOS,0.01,32,256,504,248,96.88,3,3,1,1
AMBOS,0.01,32,256,504,248,96.88,4,4,1,1
AMBOS,0.01,32,256,504,248,96.88,4,4,1,1
AMBOS,0.01,32,256,504,248,96.88,6,6,1,1
AMBOS,0.01,32,256,504,248,96.88,4,3,0,0
AMBOS,0.01,32,256,504,248,96.88,3,3,1,1
AMBOS,0.01,32,256,504,248,96.88,7,6,0,0
AMBOS,0.01,32,256,504,248,96.88,4,4,1,1
AMBOS,0.01,64,512,952,440,85.94,10,10,1,1
AMBOS,0.01,64,512,952,440,85.94,10,9,0,0
AMBOS,0.01,64,512,952,440,85.94,5,5,1,1
AMBOS,0.01,64,512,952,440,85.94,10,9,0,0
AMBOS,0.01,64,512,952,440,85.94,9,9,1,1
AMBOS,0.01,64,512,952,440,85.94,8,8,1,1
AMBOS,0.01,64,512,952,440,85.94,7,7,1,1
AMBOS,0.01,64,512,952,440,85.94,5,5,1,1
AMBOS,0.01,64,512,952,440,85.94,3,3,1,1
AMBOS,0.01,64,512,952,440,85.94,12,12,1,1
AMBOS,0.01,64,512,952,440,85.94,10,10,1,1
AMBOS,0.01,64,512,952,440,85.94,7,7,1,1
AMBOS,0.01,64,512,952,440,85.94,12,11,0,0
AMBOS,0.01,64,512,952,440,85.94,7,7,1,1
AMBOS,0.01,64,512,952,440,85.94,9,8,0,1
AMBOS,0.01,64,512,952,440,85.94,10,10,1,1
AMBOS,0.01,64,512,952,440,85.94,10,10,1,1
AMBOS,0.01,64,512,952,440,85.94,8,8,1,1
AMBOS,0.01,64,512,952,440,85.94,9,9,1,1
AMBOS,0.01,64,512,952,440,85.94,2,2,1,1
AMBOS,0.01,64,512,952,440,85.94,5,5,1,1
AMBOS,0.01,64,512,952,440,85.94,9,9,1,1
AMBOS,0.01,64,512,952,440,85.94,7,7,1,1
AMBOS,0.01,64,512,952,440,85.94,10,9,0,0
AMBOS,0.01,64,512,952,440,85.94,11,10,0,0
AMBOS,0.01,64,512,952,440,85.94,5,4,0,0
AMBOS,0.01,64,512,952,440,85.94,5,5,1,1
AMBOS,0.01,64,512,952,440,85.94,9,9,1,1
AMBOS,0.01,64,512,952,440,85.94,7,7,1,1
AMBOS,0.01,64,512,952,440,85.94,6,6,1,1
AMBOS,0.01,64,512,952,440,85.94,3,3,1,1
AMBOS,0.01,64,512,952,440,85.94,7,6,0,0
AMBOS,0.01,64,512,952,440,85.94,14,14,1,1
AMBOS,0.01,64,512,952,440,85.94,9,9,1,1
AMBOS,0.01,64,512,952,440,85.94,4,4,1,1
AMBOS,0.01,64,512,952,440,85.94,14,13,0,0
AMBOS,0.01,64,512,952,440,85.94,6,6,1,1
AMBOS,0.01,64,512,952,440,85.94,13,13,1,1
AMBOS,0.01,64,512,952,440,85.94,6,6,1,1
AMBOS,0.01,64,512,952,440,85.94,13,12,0,0
AMBOS,0.01,128,1024,1848,824,80.47,17,16,0,0
AMBOS,0.01,128,1024,1848,824,80.47,20,19,0,0
AMBOS,0.01,128,1024,1848,824,80.47,21,21,1,1
AMBOS,0.01,128,1024,1848,824,80.47,15,13,0,0
AMBOS,0.01,128,1024,1848,824,80.47,17,16,0,0
AMBOS,0.01,128,1024,1848,824,80.47,15,15,1,1
AMBOS,0.01,128,1024,1848,824,80.47,15,14,0,0
AMBOS,0.01,128,1024,1848,824,80.47,22,22,1,1
AMBOS,0.01,128,1024,1848,824,80.47,23,22,0,0
AMBOS,0.01,128,1024,1848,824,80.47,22,21,0,0
AMBOS,0.01,128,1024,1848,824,80.47,20,18,0,0
AMBOS,0.01,128,1024,1848,824,80.47,16,16,1,1
AMBOS,0.01,128,1024,1848,824,80.47,17,16,0,0
AMBOS,0.01,128,1024,1848,824,80.47,12,12,1,1
AMBOS,0.01,128,1024,1848,824,80.47,20,18,0,0
AMBOS,0.01,128,1024,1848,824,80.47,17,16,0,0
AMBOS,0.01,128,1024,1848,824,80.47,19,19,1,1
AMBOS,0.01,128,1024,1848,824,80.47,23,23,1,1
AMBOS,0.01,128,1024,1848,824,80.47,14,14,1,1
AMBOS,0.01,128,1024,1848,824,80.47,24,24,1,1
AMBOS,0.01,128,1024,1848,824,80.47,21,19,0,0
AMBOS,0.01,128,1024,1848,824,80.47,18,18,1,1
AMBOS,0.01,128,1024,1848,824,80.47,17,17,1,1
AMBOS,0.01,128,1024,1848,824,80.47,24,21,0,0
AMBOS,0.01,128,1024,1848,824,80.47,16,16,1,1
AMBOS,0.01,128,1024,1848,824,80.47,28,26,0,0
AMBOS,0.01,128,1024,1848,824,80.47,17,17,1,1
AMBOS,0.01,128,1024,1848,824,80.47,18,18,1,1
AMBOS,0.01,128,1024,1848,824,80.47,22,21,0,0
AMBOS,0.01,128,1024,1848,824,80.47,26,26,1,1
AMBOS,0.01,128,1024,1848,824,80.47,22,21,0,0
AMBOS,0.01,128,1024,1848,824,80.47,21,21,1,1
AMBOS,0.01,128,1024,1848,824,80.47,26,24,0,0
AMBOS,0.01,128,1024,1848,824,80.47,20,19,0,0
AMBOS,0.01,128,1024,1848,824,80.47,21,20,0,0
AMBOS,0.01,128,1024,1848,824,80.47,17,17,1,1
AMBOS,0.01,128,1024,1848,824,80.47,16,16,1,1
AMBOS,0.01,128,1024,1848,824,80.47,29,27,0,0
AMBOS,0.01,128,1024,1848,824,80.47,15,15,1,1
AMBOS,0.01,128,1024,1848,824,80.47,22,20,0,0
AMBOS,0.02,4,32,112,80,250.0,0,0,1,1
AMBOS,0.02,4,32,112,80,250.0,4,3,0,0
AMBOS,0.02,4,32,112,80,250.0,0,0,1,1
AMBOS,0.02,4,32,112,80,250.0,5,5,1,1
AMBOS,0.02,4,32,112,80,250.0,0,0,1,1
AMBOS,0.02,4,32,112,80,250.0,5,3,0,0
AMBOS,0.02,4,32,112,80,250.0,2,2,1,1
AMBOS,0.02,4,32,112,80,250.0,1,1,1,1
AMBOS,0.02,4,32,112,80,250.0,1,1,1,1
AMBOS,0.02,4,32,112,80,250.0,4,4,1,1
AMBOS,0.02,4,32,112,80,250.0,3,3,1,1
AMBOS,0.02,4,32,112,80,250.0,3,3,1,1
AMBOS,0.02,4,32,112,80,250.0,3,3,1,1
AMBOS,0.02,4,32,112,80,250.0,2,2,1,1
AMBOS,0.02,4,32,112,80,250.0,3,3,1,1
AMBOS,0.02,4,32,112,80,250.0,3,3,1,1
AMBOS,0.02,4,32,112,80,250.0,4,3,0,1
AMBOS,0.02,4,32,112,80,250.0,1,1,1,1
AMBOS,0.02,4,32,112,80,250.0,3,3,1,1
AMBOS,0.02,4,32,112,80,250.0,1,1,1,1
AMBOS,0.02,4,32,112,80,250.0,3,3,1,1
AMBOS,0.02,4,32,112,80,250.0,2,2,1,1
AMBOS,0.02,4,32,112,80,250.0,1,1,1,1
AMBOS,0.02,4,32,112,80,250.0,3,3,1,1
AMBOS,0.02,4,32,112,80,250.0,2,1,0,0
AMBOS,0.02,4,32,112,80,250.0,3,3,1,1
AMBOS,0.02,4,32,112,80,250.0,2,2,1,1
AMBOS,0.02,4,32,112,80,250.0,1,1,1,1
AMBOS,0.02,4,32,112,80,250.0,5,4,0,0
AMBOS,0.02,4,32,112,80,250.0,2,2,1,1
AMBOS,0.02,4,32,112,80,250.0,0,0,1,1
AMBOS,0.02,4,32,112,80,250.0,5,5,1,1
AMBOS,0.02,4,32,112,80,250.0,2,2,1,1
AMBOS,0.02,4,32,112,80,250.0,1,1,1,1
AMBOS,0.02,4,32,112,80,250.0,4,4,1,1
AMBOS,0.02,4,32,112,80,250.0,1,1,1,1
AMBOS,0.02,4,32,112,80,250.0,1,1,1,1
AMBOS,0.02,4,32,112,80,250.0,1,1,1,1
AMBOS,0.02,4,32,112,80,250.0,0,0,1,1
AMBOS,0.02,4,32,112,80,250.0,2,2,1,1
AMBOS,0.02,8,64,168,104,162.5,3,3,1,1
AMBOS,0.02,8,64,168,104,162.5,3,3,1,1
AMBOS,0.02,8,64,168,104,162.5,1,1,1,1
AMBOS,0.02,8,64,168,104,162.5,2,2,1,1
AMBOS,0.02,8,64,168,104,162.5,3,3,1,1
AMBOS,0.02,8,64,168,104,162.5,4,4,1,1
AMBOS,0.02,8,64,168,104,162.5,1,1,1,1
AMBOS,0.02,8,64,168,104,162.5,5,5,1,1
AMBOS,0.02,8,64,168,104,162.5,7,6,0,0
AMBOS,0.02,8,64,168,104,162.5,3,3,1,1
AMBOS,0.02,8,64,168,104,162.5,2,2,1,1
AMBOS,0.02,8,64,168,104,162.5,1,1,1,1
AMBOS,0.02,8,64,168,104,162.5,5,4,0,0
AMBOS,0.02,8,64,168,104,162.5,5,5,1,1
AMBOS,0.02,8,64,168,104,162.5,4,4,1,1
AMBOS,0.02,8,64,168,104,162.5,2,1,0,1
AMBOS,0.02,8,64,168,104,162.5,1,1,1,1
AMBOS,0.02,8,64,168,104,162.5,4,4,1,1
AMBOS,0.02,8,64,168,104,162.5,4,4,1,1
AMBOS,0.02,8,64,168,104,162.5,3,3,1,1
AMBOS,0.02,8,64,168,104,162.5,5,5,1,1
AMBOS,0.02,8,64,168,104,162.5,2,2,1,1
AMBOS,0.02,8,64,168,104,162.5,4,4,1,1
AMBOS,0.02,8,64,168,104,162.5,3,2,0,1
AMBOS,0.02,8,64,168,104,162.5,3,3,1,1
AMBOS,0.02,8,64,168,104,162.5,2,2,1,1
AMBOS,0.02,8,64,168,104,162.5,4,3,0,0
AMBOS,0.02,8,64,168,104,162.5,4,4,1,1
AMBOS,0.02,8,64,168,104,162.5,2,2,1,1
AMBOS,0.02,8,64,168,104,162.5,4,3,0,1
AMBOS,0.02,8,64,168,104,162.5,1,1,1,1
AMBOS,0.02,8,64,168,104,162.5,5,5,1,1
AMBOS,0.02,8,64,168,104,162.5,1,1,1,1
AMBOS,0.02,8,64,168,104,162.5,4,4,1,1
AMBOS,0.02,8,64,168,104,162.5,1,1,1,1
AMBOS,0.02,8,64,168,104,162.5,5,5,1,1
AMBOS,0.02,8,64,168,104,162.5,5,5,1,1
AMBOS,0.02,8,64,168,104,162.5,6,6,1,1
AMBOS,0.02,8,64,168,104,162.5,1,1,1,1
AMBOS,0.02,8,64,168,104,162.5,1,1,1,1
AMBOS,0.02,16,128,280,152,118.75,3,3,1,1
AMBOS,0.02,16,128,280,152,118.75,8,8,1,1
AMBOS,0.02,16,128,280,152,118.75,5,5,1,1
AMBOS,0.02,16,128,280,152,118.75,6,5,0,0
AMBOS,0.02,16,128,280,152,118.75,6,6,1,1
AMBOS,0.02,16,128,280,152,118.75,8,7,0,0
AMBOS,0.02,16,128,280,152,118.75,7,7,1,1
AMBOS,0.02,16,128,280,152,118.75,3,3,1,1
AMBOS,0.02,16,128,280,152,118.75,8,8,1,1
AMBOS,0.02,16,128,280,152,118.75,5,5,1,1
AMBOS,0.02,16,128,280,152,118.75,4,4,1,1
AMBOS,0.02,16,128,280,152,118.75,3,3,1,1
AMBOS,0.02,16,128,280,152,118.75,2,2,1,1
AMBOS,0.02,16,128,280,152,118.75,6,5,0,0
AMBOS,0.02,16,128,280,152,118.75,4,4,1,1
AMBOS,0.02,16,128,280,152,118.75,6,6,1,1
AMBOS,0.02,16,128,280,152,118.75,7,6,0,1
AMBOS,0.02,16,128,280,152,118.75,4,4,1,1
AMBOS,0.02,16,128,280,152,118.75,3,2,0,0
AMBOS,0.02,16,128,280,152,118.75,8,7,0,0
AMBOS,0.02,16,128,280,152,118.75,6,6,1,1
AMBOS,0.02,16,128,280,152,118.75,6,5,0,0
AMBOS,0.02,16,128,280,152,118.75,9,9,1,1
AMBOS,0.02,16,128,280,152,118.75,6,6,1,1
AMBOS,0.02,16,128,280,152,118.75,9,9,1,1
AMBOS,0.02,16,128,280,152,118.75,4,4,1,1
AMBOS,0.02,16,128,280,152,118.75,2,2,1,1
AMBOS,0.02,16,128,280,152,118.75,4,4,1,1
AMBOS,0.02,16,128,280,152,118.75,7,6,0,0
AMBOS,0.02,16,128,280,152,118.75,5,4,0,0
AMBOS,0.02,16,128,280,152,118.75,7,6,0,0
AMBOS,0.02,16,128,280,152,118.75,5,5,1,1
AMBOS,0.02,16,128,280,152,118.75,5,5,1,1
AMBOS,0.02,16,128,280,152,118.75,3,3,1,1
AMBOS,0.02,16,128,280,152,118.75,6,6,1,1
AMBOS,0.02,16,128,280,152,118.75,2,2,1,1
AMBOS,0.02,16,128,280,152,118.75,5,5,1,1
AMBOS,0.02,16,128,280,152,118.75,3,3,1,1
AMBOS,0.02,16,128,280,152,118.75,4,3,0,0
AMBOS,0.02,16,128,280,152,118.75,5,5,1,1
AMBOS,0.02,32,256,504,248,96.88,18,17,0,0
AMBOS,0.02,32,256,504,248,96.88,8,8,1,1
AMBOS,0.02,32,256,504,248,96.88,10,10,1,1
AMBOS,0.02,32,256,504,248,96.88,8,8,1,1
AMBOS,0.02,32,256,504,248,96.88,11,10,0,0
AMBOS,0.02,32,256,504,248,96.88,16,16,1,1
AMBOS,0.02,32,256,504,248,96.88,9,9,1,1
AMBOS,0.02,32,256,504,248,96.88,14,14,1,1
AMBOS,0.02,32,256,504,248,96.88,13,13,1,1
AMBOS,0.02,32,256,504,248,96.88,10,10,1,1
AMBOS,0.02,32,256,504,248,96.88,11,11,1,1
AMBOS,0.02,32,256,504,248,96.88,11,11,1,1
AMBOS,0.02,32,256,504,248,96.88,10,10,1,1
AMBOS,0.02,32,256,504,248,96.88,9,9,1,1
AMBOS,0.02,32,256,504,248,96.88,12,12,1,1
AMBOS,0.02,32,256,504,248,96.88,10,9,0,0
AMBOS,0.02,32,256,504,248,96.88,11,10,0,0
AMBOS,0.02,32,256,504,248,96.88,9,9,1,1
AMBOS,0.02,32,256,504,248,96.88,9,9,1,1
AMBOS,0.02,32,256,504,248,96.88,3,3,1,1
AMBOS,0.02,32,256,504,248,96.88,8,7,0,0
AMBOS,0.02,32,256,504,248,96.88,13,12,0,0
AMBOS,0.02,32,256,504,248,96.88,10,10,1,1
AMBOS,0.02,32,256,504,248,96.88,14,14,1,1
AMBOS,0.02,32,256,504,248,96.88,9,8,0,0
AMBOS,0.02,32,256,504,248,96.88,8,8,1,1
AMBOS,0.02,32,256,504,248,96.88,9,9,1,1
AMBOS,0.02,32,256,504,248,96.88,11,11,1,1
AMBOS,0.02,32,256,504,248,96.88,13,12,0,0
AMBOS,0.02,32,256,504,248,96.88,9,9,1,1
AMBOS,0.02,32,256,504,248,96.88,8,8,1,1
AMBOS,0.02,32,256,504,248,96.88,13,11,0,0
AMBOS,0.02,32,256,504,248,96.88,7,7,1,1
AMBOS,0.02,32,256,504,248,96.88,13,13,1,1
AMBOS,0.02,32,256,504,248,96.88,9,9,1,1
AMBOS,0.02,32,256,504,248,96.88,9,9,1,1
AMBOS,0.02,32,256,504,248,96.88,18,17,0,0
AMBOS,0.02,32,256,504,248,96.88,9,9,1,1
AMBOS,0.02,32,256,504,248,96.88,10,9,0,0
AMBOS,0.02,32,256,504,248,96.88,6,6,1,1
AMBOS,0.02,64,512,952,440,85.94,23,22,0,0
AMBOS,0.02,64,512,952,440,85.94,20,19,0,0
AMBOS,0.02,64,512,952,440,85.94,18,16,0,0
AMBOS,0.02,64,512,952,440,85.94,20,18,0,0
AMBOS,0.02,64,512,952,440,85.94,17,16,0,0
AMBOS,0.02,64,512,952,440,85.94,23,21,0,0
AMBOS,0.02,64,512,952,440,85.94,24,24,1,1
AMBOS,0.02,64,512,952,440,85.94,19,18,0,0
AMBOS,0.02,64,512,952,440,85.94,19,19,1,1
AMBOS,0.02,64,512,952,440,85.94,27,25,0,0
AMBOS,0.02,64,512,952,440,85.94,18,17,0,0
AMBOS,0.02,64,512,952,440,85.94,21,19,0,0
AMBOS,0.02,64,512,952,440,85.94,24,21,0,0
AMBOS,0.02,64,512,952,440,85.94,21,18,0,0
AMBOS,0.02,64,512,952,440,85.94,20,18,0,0
AMBOS,0.02,64,512,952,440,85.94,16,15,0,0
AMBOS,0.02,64,512,952,440,85.94,22,20,0,0
AMBOS,0.02,64,512,952,440,85.94,14,13,0,1
AMBOS,0.02,64,512,952,440,85.94,21,20,0,0
AMBOS,0.02,64,512,952,440,85.94,19,19,1,1
AMBOS,0.02,64,512,952,440,85.94,16,16,1,1
AMBOS,0.02,64,512,952,440,85.94,25,23,0,0
AMBOS,0.02,64,512,952,440,85.94,20,18,0,0
AMBOS,0.02,64,512,952,440,85.94,28,26,0,0
AMBOS,0.02,64,512,952,440,85.94,16,16,1,1
AMBOS,0.02,64,512,952,440,85.94,24,21,0,0
AMBOS,0.02,64,512,952,440,85.94,20,20,1,1
AMBOS,0.02,64,512,952,440,85.94,20,19,0,0
AMBOS,0.02,64,512,952,440,85.94,25,23,0,0
AMBOS,0.02,64,512,952,440,85.94,19,18,0,0
AMBOS,0.02,64,512,952,440,85.94,23,22,0,0
AMBOS,0.02,64,512,952,440,85.94,19,19,1,1
AMBOS,0.02,64,512,952,440,85.94,18,18,1,1
AMBOS,0.02,64,512,952,440,85.94,17,16,0,0
AMBOS,0.02,64,512,952,440,85.94,20,19,0,0
AMBOS,0.02,64,512,952,440,85.94,13,12,0,0
AMBOS,0.02,64,512,952,440,85.94,16,16,1,1
AMBOS,0.02,64,512,952,440,85.94,13,13,1,1
AMBOS,0.02,64,512,952,440,85.94,19,19,1,1
AMBOS,0.02,64,512,952,440,85.94,20,19,0,0
AMBOS,0.02,128,1024,1848,824,80.47,42,40,0,0
AMBOS,0.02,128,1024,1848,824,80.47,44,44,1,1
AMBOS,0.02,128,1024,1848,824,80.47,33,33,1,1
AMBOS,0.02,128,1024,1848,824,80.47,34,33,0,0
AMBOS,0.02,128,1024,1848,824,80.47,34,30,0,0
AMBOS,0.02,128,1024,1848,824,80.47,43,38,0,0
AMBOS,0.02,128,1024,1848,824,80.47,31,29,0,0
AMBOS,0.02,128,1024,1848,824,80.47,34,33,0,0
AMBOS,0.02,128,1024,1848,824,80.47,43,40,0,0
AMBOS,0.02,128,1024,1848,824,80.47,46,44,0,0
AMBOS,0.02,128,1024,1848,824,80.47,38,36,0,0
AMBOS,0.02,128,1024,1848,824,80.47,24,23,0,0
AMBOS,0.02,128,1024,1848,824,80.47,35,34,0,0
AMBOS,0.02,128,1024,1848,824,80.47,37,37,1,1
AMBOS,0.02,128,1024,1848,824,80.47,35,33,0,0
AMBOS,0.02,128,1024,1848,824,80.47,47,43,0,0
AMBOS,0.02,128,1024,1848,824,80.47,32,30,0,0
AMBOS,0.02,128,1024,1848,824,80.47,30,29,0,0
AMBOS,0.02,128,1024,1848,824,80.47,31,29,0,0
AMBOS,0.02,128,1024,1848,824,80.47,30,30,1,1
AMBOS,0.02,128,1024,1848,824,80.47,40,38,0,0
AMBOS,0.02,128,1024,1848,824,80.47,48,46,0,0
AMBOS,0.02,128,1024,1848,824,80.47,39,37,0,0
AMBOS,0.02,128,1024,1848,824,80.47,41,38,0,0
AMBOS,0.02,128,1024,1848,824,80.47,37,35,0,0
AMBOS,0.02,128,1024,1848,824,80.47,34,33,0,0
AMBOS,0.02,128,1024,1848,824,80.47,40,38,0,0
AMBOS,0.02,128,1024,1848,824,80.47,33,32,0,0
AMBOS,0.02,128,1024,1848,824,80.47,42,36,0,0
AMBOS,0.02,128,1024,1848,824,80.47,31,29,0,0
AMBOS,0.02,128,1024,1848,824,80.47,31,29,0,0
AMBOS,0.02,128,1024,1848,824,80.47,44,41,0,0
AMBOS,0.02,128,1024,1848,824,80.47,34,33,0,0
AMBOS,0.02,128,1024,1848,824,80.47,35,32,0,0
AMBOS,0.02,128,1024,1848,824,80.47,40,38,0,0
AMBOS,0.02,128,1024,1848,824,80.47,27,27,1,1
AMBOS,0.02,128,1024,1848,824,80.47,28,27,0,0
AMBOS,0.02,128,1024,1848,824,80.47,32,31,0,1
AMBOS,0.02,128,1024,1848,824,80.47,37,32,0,0
AMBOS,0.02,128,1024,1848,824,80.47,37,35,0,0
AMBOS,0.05,4,32,112,80,250.0,7,5,0,1
AMBOS,0.05,4,32,112,80,250.0,8,6,0,0
AMBOS,0.05,4,32,112,80,250.0,6,6,1,1
AMBOS,0.05,4,32,112,80,250.0,5,4,0,0
AMBOS,0.05,4,32,112,80,250.0,5,4,0,1
AMBOS,0.05,4,32,112,80,250.0,4,4,1,1
AMBOS,0.05,4,32,112,80,250.0,7,5,0,0
AMBOS,0.05,4,32,112,80,250.0,7,6,0,0
AMBOS,0.05,4,32,112,80,250.0,7,6,0,0
AMBOS,0.05,4,32,112,80,250.0,3,3,1,1
AMBOS,0.05,4,32,112,80,250.0,6,6,1,1
AMBOS,0.05,4,32,112,80,250.0,4,4,1,1
AMBOS,0.05,4,32,112,80,250.0,10,9,0,1
AMBOS,0.05,4,32,112,80,250.0,4,3,0,0
AMBOS,0.05,4,32,112,80,250.0,6,5,0,1
AMBOS,0.05,4,32,112,80,250.0,2,2,1,1
AMBOS,0.05,4,32,112,80,250.0,1,1,1,1
AMBOS,0.05,4,32,112,80,250.0,7,6,0,0
AMBOS,0.05,4,32,112,80,250.0,9,7,0,0
AMBOS,0.05,4,32,112,80,250.0,8,6,0,1
AMBOS,0.05,4,32,112,80,250.0,6,6,1,1
AMBOS,0.05,4,32,112,80,250.0,3,3,1,1
AMBOS,0.05,4,32,112,80,250.0,6,6,1,1
AMBOS,0.05,4,32,112,80,250.0,10,8,0,1
AMBOS,0.05,4,32,112,80,250.0,10,7,0,0
AMBOS,0.05,4,32,112,80,250.0,6,6,1,1
AMBOS,0.05,4,32,112,80,250.0,8,7,0,0
AMBOS,0.05,4,32,112,80,250.0,6,5,0,0
AMBOS,0.05,4,32,112,80,250.0,5,5,1,1
AMBOS,0.05,4,32,112,80,250.0,6,3,0,0
AMBOS,0.05,4,32,112,80,250.0,11,7,0,0
AMBOS,0.05,4,32,112,80,250.0,5,4,0,1
AMBOS,0.05,4,32,112,80,250.0,6,6,1,1
AMBOS,0.05,4,32,112,80,250.0,5,5,1,1
AMBOS,0.05,4,32,112,80,250.0,4,4,1,1
AMBOS,0.05,4,32,112,80,250.0,6,6,1,1
AMBOS,0.05,4,32,112,80,250.0,11,7,0,0
AMBOS,0.05,4,32,112,80,250.0,7,7,1,1
AMBOS,0.05,4,32,112,80,250.0,3,3,1,1
AMBOS,0.05,4,32,112,80,250.0,3,3,1,1
AMBOS,0.05,8,64,168,104,162.5,10,7,0,0
AMBOS,0.05,8,64,168,104,162.5,0,0,1,1
AMBOS,0.05,8,64,168,104,162.5,11,11,1,1
AMBOS,0.05,8,64,168,104,162.5,6,5,0,0
AMBOS,0.05,8,64,168,104,162.5,6,5,0,0
AMBOS,0.05,8,64,168,104,162.5,9,9,1,1
AMBOS,0.05,8,64,168,104,162.5,7,7,1,1
AMBOS,0.05,8,64,168,104,162.5,12,10,0,0
AMBOS,0.05,8,64,168,104,162.5,10,9,0,0
AMBOS,0.05,8,64,168,104,162.5,4,4,1,1
AMBOS,0.05,8,64,168,104,162.5,4,4,1,1
AMBOS,0.05,8,64,168,104,162.5,7,5,0,0
AMBOS,0.05,8,64,168,104,162.5,9,9,1,1
AMBOS,0.05,8,64,168,104,162.5,13,11,0,0
AMBOS,0.05,8,64,168,104,162.5,6,5,0,0
AMBOS,0.05,8,64,168,104,162.5,4,4,1,1
AMBOS,0.05,8,64,168,104,162.5,10,8,0,0
AMBOS,0.05,8,64,168,104,162.5,5,5,1,1
AMBOS,0.05,8,64,168,104,162.5,11,10,0,1
AMBOS,0.05,8,64,168,104,162.5,12,8,0,0
AMBOS,0.05,8,64,168,104,162.5,9,8,0,0
AMBOS,0.05,8,64,168,104,162.5,11,8,0,0
AMBOS,0.05,8,64,168,104,162.5,5,5,1,1
AMBOS,0.05,8,64,168,104,162.5,12,9,0,1
AMBOS,0.05,8,64,168,104,162.5,9,7,0,0
AMBOS,0.05,8,64,168,104,162.5,5,5,1,1
AMBOS,0.05,8,64,168,104,162.5,16,13,0,0
AMBOS,0.05,8,64,168,104,162.5,5,5,1,1
AMBOS,0.05,8,64,168,104,162.5,7,6,0,0
AMBOS,0.05,8,64,168,104,162.5,5,5,1,1
AMBOS,0.05,8,64,168,104,162.5,8,7,0,0
AMBOS,0.05,8,64,168,104,162.5,8,7,0,0
AMBOS,0.05,8,64,168,104,162.5,9,7,0,1
AMBOS,0.05,8,64,168,104,162.5,5,4,0,0
AMBOS,0.05,8,64,168,104,162.5,10,10,1,1
AMBOS,0.05,8,64,168,104,162.5,5,4,0,0
AMBOS,0.05,8,64,168,104,162.5,6,6,1,1
AMBOS,0.05,8,64,168,104,162.5,3,3,1,1
AMBOS,0.05,8,64,168,104,162.5,10,8,0,0
AMBOS,0.05,8,64,168,104,162.5,5,5,1,1
AMBOS,0.05,16,128,280,152,118.75,21,16,0,0
AMBOS,0.05,16,128,280,152,118.75,19,16,0,0
AMBOS,0.05,16,128,280,152,118.75,15,14,0,0
AMBOS,0.05,16,128,280,152,118.75,13,12,0,0
AMBOS,0.05,16,128,280,152,118.75,12,11,0,0
AMBOS,0.05,16,128,280,152,118.75,15,14,0,0
AMBOS,0.05,16,128,280,152,118.75,15,13,0,0
AMBOS,0.05,16,128,280,152,118.75,18,14,0,0
AMBOS,0.05,16,128,280,152,118.75,23,15,0,0
AMBOS,0.05,16,128,280,152,118.75,21,18,0,0
AMBOS,0.05,16,128,280,152,118.75,13,11,0,0
AMBOS,0.05,16,128,280,152,118.75,15,15,1,1
AMBOS,0.05,16,128,280,152,118.75,13,11,0,0
AMBOS,0.05,16,128,280,152,118.75,17,15,0,1
AMBOS,0.05,16,128,280,152,118.75,11,9,0,0
AMBOS,0.05,16,128,280,152,118.75,18,12,0,0
AMBOS,0.05,16,128,280,152,118.75,5,5,1,1
AMBOS,0.05,16,128,280,152,118.75,8,7,0,1
AMBOS,0.05,16,128,280,152,118.75,8,8,1,1
AMBOS,0.05,16,128,280,152,118.75,16,13,0,0
AMBOS,0.05,16,128,280,152,118.75,24,18,0,0
AMBOS,0.05,16,128,280,152,118.75,15,12,0,0
AMBOS,0.05,16,128,280,152,118.75,13,10,0,0
AMBOS,0.05,16,128,280,152,118.75,10,8,0,0
AMBOS,0.05,16,128,280,152,118.75,17,14,0,0
AMBOS,0.05,16,128,280,152,118.75,15,15,1,1
AMBOS,0.05,16,128,280,152,118.75,12,11,0,0
AMBOS,0.05,16,128,280,152,118.75,20,12,0,0
AMBOS,0.05,16,128,280,152,118.75,22,18,0,0
AMBOS,0.05,16,128,280,152,118.75,12,9,0,0
AMBOS,0.05,16,128,280,152,118.75,10,10,1,1
AMBOS,0.05,16,128,280,152,118.75,14,13,0,0
AMBOS,0.05,16,128,280,152,118.75,7,7,1,1
AMBOS,0.05,16,128,280,152,118.75,17,15,0,0
AMBOS,0.05,16,128,280,152,118.75,13,12,0,0
AMBOS,0.05,16,128,280,152,118.75,14,14,1,1
AMBOS,0.05,16,128,280,152,118.75,20,16,0,0
AMBOS,0.05,16,128,280,152,118.75,11,9,0,0
AMBOS,0.05,16,128,280,152,118.75,18,13,0,0
AMBOS,0.05,16,128,280,152,118.75,21,17,0,0
AMBOS,0.05,32,256,504,248,96.88,30,22,0,0
AMBOS,0.05,32,256,504,248,96.88,26,24,0,0
AMBOS,0.05,32,256,504,248,96.88,25,23,0,0
AMBOS,0.05,32,256,504,248,96.88,27,25,0,0
AMBOS,0.05,32,256,504,248,96.88,19,18,0,1
AMBOS,0.05,32,256,504,248,96.88,22,18,0,0
AMBOS,0.05,32,256,504,248,96.88,23,18,0,0
AMBOS,0.05,32,256,504,248,96.88,45,34,0,0
AMBOS,0.05,32,256,504,248,96.88,20,15,0,0
AMBOS,0.05,32,256,504,248,96.88,28,23,0,0
AMBOS,0.05,32,256,504,248,96.88,28,25,0,0
AMBOS,0.05,32,256,504,248,96.88,27,23,0,0
AMBOS,0.05,32,256,504,248,96.88,20,17,0,0
AMBOS,0.05,32,256,504,248,96.88,22,20,0,0
AMBOS,0.05,32,256,504,248,96.88,22,15,0,0
AMBOS,0.05,32,256,504,248,96.88,25,20,0,0
AMBOS,0.05,32,256,504,248,96.88,17,16,0,0
AMBOS,0.05,32,256,504,248,96.88,34,28,0,0
AMBOS,0.05,32,256,504,248,96.88,22,19,0,0
AMBOS,0.05,32,256,504,248,96.88,27,23,0,0
AMBOS,0.05,32,256,504,248,96.88,21,20,0,0
AMBOS,0.05,32,256,504,248,96.88,30,23,0,0
AMBOS,0.05,32,256,504,248,96.88,38,29,0,0
AMBOS,0.05,32,256,504,248,96.88,30,28,0,0
AMBOS,0.05,32,256,504,248,96.88,31,27,0,0
AMBOS,0.05,32,256,504,248,96.88,23,21,0,0
AMBOS,0.05,32,256,504,248,96.88,26,22,0,0
AMBOS,0.05,32,256,504,248,96.88,18,18,1,1
AMBOS,0.05,32,256,504,248,96.88,25,20,0,0
AMBOS,0.05,32,256,504,248,96.88,20,19,0,0
AMBOS,0.05,32,256,504,248,96.88,29,25,0,0
AMBOS,0.05,32,256,504,248,96.88,25,20,0,0
AMBOS,0.05,32,256,504,248,96.88,25,21,0,0
AMBOS,0.05,32,256,504,248,96.88,19,16,0,0
AMBOS,0.05,32,256,504,248,96.88,30,26,0,0
AMBOS,0.05,32,256,504,248,96.88,28,24,0,0
AMBOS,0.05,32,256,504,248,96.88,26,23,0,0
AMBOS,0.05,32,256,504,248,96.88,26,21,0,0
AMBOS,0.05,32,256,504,248,96.88,30,25,0,0
AMBOS,0.05,32,256,504,248,96.88,24,19,0,0
AMBOS,0.05,64,512,952,440,85.94,45,37,0,0
AMBOS,0.05,64,512,952,440,85.94,35,34,0,0
AMBOS,0.05,64,512,952,440,85.94,53,44,0,0
AMBOS,0.05,64,512,952,440,85.94,51,46,0,0
AMBOS,0.05,64,512,952,440,85.94,44,36,0,0
AMBOS,0.05,64,512,952,440,85.94,46,38,0,0
AMBOS,0.05,64,512,952,440,85.94,45,40,0,0
AMBOS,0.05,64,512,952,440,85.94,47,41,0,0
AMBOS,0.05,64,512,952,440,85.94,49,43,0,0
AMBOS,0.05,64,512,952,440,85.94,50,46,0,0
AMBOS,0.05,64,512,952,440,85.94,46,39,0,0
AMBOS,0.05,64,512,952,440,85.94,40,34,0,0
AMBOS,0.05,64,512,952,440,85.94,48,42,0,0
AMBOS,0.05,64,512,952,440,85.94,51,46,0,0
AMBOS,0.05,64,512,952,440,85.94,49,41,0,0
AMBOS,0.05,64,512,952,440,85.94,45,39,0,0
AMBOS,0.05,64,512,952,440,85.94,55,49,0,0
AMBOS,0.05,64,512,952,440,85.94,38,35,0,0
AMBOS,0.05,64,512,952,440,85.94,51,42,0,0
AMBOS,0.05,64,512,952,440,85.94,46,39,0,0
AMBOS,0.05,64,512,952,440,85.94,56,45,0,0
AMBOS,0.05,64,512,952,440,85.94,50,44,0,0
AMBOS,0.05,64,512,952,440,85.94,49,41,0,0
AMBOS,0.05,64,512,952,440,85.94,42,38,0,0
AMBOS,0.05,64,512,952,440,85.94,45,36,0,0
AMBOS,0.05,64,512,952,440,85.94,53,46,0,0
AMBOS,0.05,64,512,952,440,85.94,51,43,0,0
AMBOS,0.05,64,512,952,440,85.94,42,36,0,0
AMBOS,0.05,64,512,952,440,85.94,48,42,0,0
AMBOS,0.05,64,512,952,440,85.94,36,28,0,0
AMBOS,0.05,64,512,952,440,85.94,51,45,0,0
AMBOS,0.05,64,512,952,440,85.94,56,47,0,0
AMBOS,0.05,64,512,952,440,85.94,40,36,0,0
AMBOS,0.05,64,512,952,440,85.94,55,47,0,0
AMBOS,0.05,64,512,952,440,85.94,37,34,0,0
AMBOS,0.05,64,512,952,440,85.94,52,42,0,0
AMBOS,0.05,64,512,952,440,85.94,45,40,0,0
AMBOS,0.05,64,512,952,440,85.94,42,36,0,0
AMBOS,0.05,64,512,952,440,85.94,57,49,0,0
AMBOS,0.05,64,512,952,440,85.94,58,46,0,0
AMBOS,0.05,128,1024,1848,824,80.47,82,72,0,0
AMBOS,0.05,128,1024,1848,824,80.47,91,75,0,0
AMBOS,0.05,128,1024,1848,824,80.47,112,98,0,0
AMBOS,0.05,128,1024,1848,824,80.47,73,62,0,0
AMBOS,0.05,128,1024,1848,824,80.47,84,73,0,0
AMBOS,0.05,128,1024,1848,824,80.47,90,78,0,0
AMBOS,0.05,128,1024,1848,824,80.47,73,67,0,0
AMBOS,0.05,128,1024,1848,824,80.47,88,72,0,0
AMBOS,0.05,128,1024,1848,824,80.47,94,80,0,0
AMBOS,0.05,128,1024,1848,824,80.47,93,82,0,0
AMBOS,0.05,128,1024,1848,824,80.47,82,71,0,0
AMBOS,0.05,128,1024,1848,824,80.47,84,75,0,0
AMBOS,0.05,128,1024,1848,824,80.47,90,71,0,0
AMBOS,0.05,128,1024,1848,824,80.47,104,84,0,0
AMBOS,0.05,128,1024,1848,824,80.47,67,64,0,0
AMBOS,0.05,128,1024,1848,824,80.47,98,90,0,0
AMBOS,0.05,128,1024,1848,824,80.47,88,75,0,0
AMBOS,0.05,128,1024,1848,824,80.47,104,88,0,0
AMBOS,0.05,128,1024,1848,824,80.47,95,81,0,0
AMBOS,0.05,128,1024,1848,824,80.47,99,84,0,0
AMBOS,0.05,128,1024,1848,824,80.47,95,88,0,0
AMBOS,0.05,128,1024,1848,824,80.47,76,70,0,0
AMBOS,0.05,128,1024,1848,824,80.47,89,76,0,0
AMBOS,0.05,128,1024,1848,824,80.47,95,80,0,0
AMBOS,0.05,128,1024,1848,824,80.47,90,77,0,0
AMBOS,0.05,128,1024,1848,824,80.47,91,75,0,0
AMBOS,0.05,128,1024,1848,824,80.47,90,79,0,0
AMBOS,0.05,128,1024,1848,824,80.47,108,91,0,0
AMBOS,0.05,128,1024,1848,824,80.47,75,63,0,0
AMBOS,0.05,128,1024,1848,824,80.47,99,85,0,0
AMBOS,0.05,128,1024,1848,824,80.47,74,69,0,0
AMBOS,0.05,128,1024,1848,824,80.47,95,79,0,0
AMBOS,0.05,128,1024,1848,824,80.47,106,81,0,0
AMBOS,0.05,128,1024,1848,824,80.47,96,86,0,0
AMBOS,0.05,128,1024,1848,824,80.47,98,85,0,0
AMBOS,0.05,128,1024,1848,824,80.47,96,78,0,0
AMBOS,0.05,128,1024,1848,824,80.47,88,75,0,0
AMBOS,0.05,128,1024,1848,824,80.47,89,83,0,0
AMBOS,0.05,128,1024,1848,824,80.47,87,81,0,0
AMBOS,0.05,128,1024,1848,824,80.47,109,92,0,0
AMBOS,0.1,4,32,112,80,250.0,13,7,0,0
AMBOS,0.1,4,32,112,80,250.0,16,8,0,0
AMBOS,0.1,4,32,112,80,250.0,11,9,0,0
AMBOS,0.1,4,32,112,80,250.0,12,8,0,0
AMBOS,0.1,4,32,112,80,250.0,10,8,0,1
AMBOS,0.1,4,32,112,80,250.0,12,9,0,0
AMBOS,0.1,4,32,112,80,250.0,18,9,0,0
AMBOS,0.1,4,32,112,80,250.0,17,11,0,0
AMBOS,0.1,4,32,112,80,250.0,15,9,0,0
AMBOS,0.1,4,32,112,80,250.0,9,9,1,1
AMBOS,0.1,4,32,112,80,250.0,8,6,0,0
AMBOS,0.1,4,32,112,80,250.0,10,9,0,1
AMBOS,0.1,4,32,112,80,250.0,16,12,0,0
AMBOS,0.1,4,32,112,80,250.0,13,10,0,0
AMBOS,0.1,4,32,112,80,250.0,10,9,0,1
AMBOS,0.1,4,32,112,80,250.0,14,10,0,0
AMBOS,0.1,4,32,112,80,250.0,15,12,0,0
AMBOS,0.1,4,32,112,80,250.0,10,8,0,0
AMBOS,0.1,4,32,112,80,250.0,12,7,0,0
AMBOS,0.1,4,32,112,80,250.0,12,9,0,0
AMBOS,0.1,4,32,112,80,250.0,10,7,0,1
AMBOS,0.1,4,32,112,80,250.0,15,11,0,0
AMBOS,0.1,4,32,112,80,250.0,11,8,0,0
AMBOS,0.1,4,32,112,80,250.0,7,7,1,1
AMBOS,0.1,4,32,112,80,250.0,9,7,0,1
AMBOS,0.1,4,32,112,80,250.0,12,8,0,0
AMBOS,0.1,4,32,112,80,250.0,10,9,0,0
AMBOS,0.1,4,32,112,80,250.0,9,7,0,0
AMBOS,0.1,4,32,112,80,250.0,9,8,0,0
AMBOS,0.1,4,32,112,80,250.0,13,10,0,0
AMBOS,0.1,4,32,112,80,250.0,11,8,0,0
AMBOS,0.1,4,32,112,80,250.0,15,9,0,0
AMBOS,0.1,4,32,112,80,250.0,18,11,0,0
AMBOS,0.1,4,32,112,80,250.0,14,10,0,0
AMBOS,0.1,4,32,112,80,250.0,14,9,0,0
AMBOS,0.1,4,32,112,80,250.0,17,7,0,0
AMBOS,0.1,4,32,112,80,250.0,5,5,1,1
AMBOS,0.1,4,32,112,80,250.0,6,6,1,1
AMBOS,0.1,4,32,112,80,250.0,16,11,0,0
AMBOS,0.1,4,32,112,80,250.0,18,11,0,0
AMBOS,0.1,8,64,168,104,162.5,17,13,0,0
AMBOS,0.1,8,64,168,104,162.5,20,15,0,0
AMBOS,0.1,8,64,168,104,162.5,10,8,0,0
AMBOS,0.1,8,64,168,104,162.5,24,13,0,0
AMBOS,0.1,8,64,168,104,162.5,17,10,0,0
AMBOS,0.1,8,64,168,104,162.5,9,7,0,0
AMBOS,0.1,8,64,168,104,162.5,17,15,0,0
AMBOS,0.1,8,64,168,104,162.5,20,12,0,0
AMBOS,0.1,8,64,168,104,162.5,17,13,0,0
AMBOS,0.1,8,64,168,104,162.5,17,13,0,0
AMBOS,0.1,8,64,168,104,162.5,21,13,0,0
AMBOS,0.1,8,64,168,104,162.5,14,11,0,0
AMBOS,0.1,8,64,168,104,162.5,19,15,0,0
AMBOS,0.1,8,64,168,104,162.5,10,9,0,1
AMBOS,0.1,8,64,168,104,162.5,13,10,0,0
AMBOS,0.1,8,64,168,104,162.5,17,13,0,0
AMBOS,0.1,8,64,168,104,162.5,14,12,0,0
AMBOS,0.1,8,64,168,104,162.5,20,16,0,0
AMBOS,0.1,8,64,168,104,162.5,17,15,0,0
AMBOS,0.1,8,64,168,104,162.5,16,14,0,0
AMBOS,0.1,8,64,168,104,162.5,27,14,0,0
AMBOS,0.1,8,64,168,104,162.5,16,13,0,0
AMBOS,0.1,8,64,168,104,162.5,18,13,0,0
AMBOS,0.1,8,64,168,104,162.5,13,9,0,0
AMBOS,0.1,8,64,168,104,162.5,26,16,0,0
AMBOS,0.1,8,64,168,104,162.5,17,13,0,0
AMBOS,0.1,8,64,168,104,162.5,19,14,0,0
AMBOS,0.1,8,64,168,104,162.5,15,13,0,0
AMBOS,0.1,8,64,168,104,162.5,13,12,0,0
AMBOS,0.1,8,64,168,104,162.5,11,8,0,0
AMBOS,0.1,8,64,168,104,162.5,22,15,0,0
AMBOS,0.1,8,64,168,104,162.5,13,11,0,1
AMBOS,0.1,8,64,168,104,162.5,19,17,0,0
AMBOS,0.1,8,64,168,104,162.5,18,16,0,0
AMBOS,0.1,8,64,168,104,162.5,20,13,0,0
AMBOS,0.1,8,64,168,104,162.5,24,17,0,0
AMBOS,0.1,8,64,168,104,162.5,24,15,0,0
AMBOS,0.1,8,64,168,104,162.5,19,14,0,0
AMBOS,0.1,8,64,168,104,162.5,17,12,0,0
AMBOS,0.1,8,64,168,104,162.5,19,14,0,0
AMBOS,0.1,16,128,280,152,118.75,34,23,0,0
AMBOS,0.1,16,128,280,152,118.75,35,15,0,0
AMBOS,0.1,16,128,280,152,118.75,31,23,0,0
AMBOS,0.1,16,128,280,152,118.75,28,19,0,0
AMBOS,0.1,16,128,280,152,118.75,30,20,0,0
AMBOS,0.1,16,128,280,152,118.75,21,18,0,0
AMBOS,0.1,16,128,280,152,118.75,28,21,0,0
AMBOS,0.1,16,128,280,152,118.75,29,24,0,0
AMBOS,0.1,16,128,280,152,118.75,21,16,0,0
AMBOS,0.1,16,128,280,152,118.75,26,18,0,0
AMBOS,0.1,16,128,280,152,118.75,25,20,0,0
AMBOS,0.1,16,128,280,152,118.75,21,15,0,0
AMBOS,0.1,16,128,280,152,118.75,31,21,0,0
AMBOS,0.1,16,128,280,152,118.75,33,25,0,0
AMBOS,0.1,16,128,280,152,118.75,23,17,0,0
AMBOS,0.1,16,128,280,152,118.75,26,15,0,0
AMBOS,0.1,16,128,280,152,118.75,20,14,0,0
AMBOS,0.1,16,128,280,152,118.75,28,19,0,0
AMBOS,0.1,16,128,280,152,118.75,30,20,0,0
AMBOS,0.1,16,128,280,152,118.75,30,23,0,0
AMBOS,0.1,16,128,280,152,118.75,26,20,0,0
AMBOS,0.1,16,128,280,152,118.75,29,20,0,0
AMBOS,0.1,16,128,280,152,118.75,31,23,0,0
AMBOS,0.1,16,128,280,152,118.75,36,26,0,0
AMBOS,0.1,16,128,280,152,118.75,37,27,0,0
AMBOS,0.1,16,128,280,152,118.75,20,19,0,0
AMBOS,0.1,16,128,280,152,118.75,23,23,1,1
AMBOS,0.1,16,128,280,152,118.75,25,22,0,0
AMBOS,0.1,16,128,280,152,118.75,29,24,0,0
AMBOS,0.1,16,128,280,152,118.75,22,19,0,0
AMBOS,0.1,16,128,280,152,118.75,23,16,0,0
AMBOS,0.1,16,128,280,152,118.75,31,25,0,0
AMBOS,0.1,16,128,280,152,118.75,37,25,0,0
AMBOS,0.1,16,128,280,152,118.75,29,20,0,0
AMBOS,0.1,16,128,280,152,118.75,21,16,0,0
AMBOS,0.1,16,128,280,152,118.75,30,23,0,0
AMBOS,0.1,16,128,280,152,118.75,21,14,0,0
AMBOS,0.1,16,128,280,152,118.75,31,21,0,0
AMBOS,0.1,16,128,280,152,118.75,35,23,0,0
AMBOS,0.1,16,128,280,152,118.75,33,24,0,0
AMBOS,0.1,32,256,504,248,96.88,51,36,0,0
AMBOS,0.1,32,256,504,248,96.88,51,39,0,0
AMBOS,0.1,32,256,504,248,96.88,53,37,0,0
AMBOS,0.1,32,256,504,248,96.88,46,35,0,0
AMBOS,0.1,32,256,504,248,96.88,50,36,0,0
AMBOS,0.1,32,256,504,248,96.88,36,30,0,0
AMBOS,0.1,32,256,504,248,96.88,42,31,0,0
AMBOS,0.1,32,256,504,248,96.88,53,37,0,0
AMBOS,0.1,32,256,504,248,96.88,56,42,0,0
AMBOS,0.1,32,256,504,248,96.88,53,35,0,0
AMBOS,0.1,32,256,504,248,96.88,51,33,0,0
AMBOS,0.1,32,256,504,248,96.88,45,38,0,0
AMBOS,0.1,32,256,504,248,96.88,52,34,0,0
AMBOS,0.1,32,256,504,248,96.88,64,46,0,0
AMBOS,0.1,32,256,504,248,96.88,50,40,0,0
AMBOS,0.1,32,256,504,248,96.88,48,42,0,0
AMBOS,0.1,32,256,504,248,96.88,58,41,0,0
AMBOS,0.1,32,256,504,248,96.88,46,36,0,0
AMBOS,0.1,32,256,504,248,96.88,53,40,0,0
AMBOS,0.1,32,256,504,248,96.88,57,38,0,0
AMBOS,0.1,32,256,504,248,96.88,45,34,0,0
AMBOS,0.1,32,256,504,248,96.88,53,39,0,0
AMBOS,0.1,32,256,504,248,96.88,56,41,0,0
AMBOS,0.1,32,256,504,248,96.88,56,39,0,0
AMBOS,0.1,32,256,504,248,96.88,51,42,0,0
AMBOS,0.1,32,256,504,248,96.88,44,33,0,0
AMBOS,0.1,32,256,504,248,96.88,57,44,0,0
AMBOS,0.1,32,256,504,248,96.88,53,38,0,0
AMBOS,0.1,32,256,504,248,96.88,43,35,0,0
AMBOS,0.1,32,256,504,248,96.88,53,39,0,0
AMBOS,0.1,32,256,504,248,96.88,62,38,0,0
AMBOS,0.1,32,256,504,248,96.88,65,47,0,0
AMBOS,0.1,32,256,504,248,96.88,47,35,0,0
AMBOS,0.1,32,256,504,248,96.88,49,36,0,0
AMBOS,0.1,32,256,504,248,96.88,46,36,0,0
AMBOS,0.1,32,256,504,248,96.88,42,32,0,0
AMBOS,0.1,32,256,504,248,96.88,59,36,0,0
AMBOS,0.1,32,256,504,248,96.88,65,43,0,0
AMBOS,0.1,32,256,504,248,96.88,54,39,0,0
AMBOS,0.1,32,256,504,248,96.88,42,35,0,0
AMBOS,0.1,64,512,952,440,85.94,89,65,0,0
AMBOS,0.1,64,512,952,440,85.94,109,73,0,0
AMBOS,0.1,64,512,952,440,85.94,98,73,0,0
AMBOS,0.1,64,512,952,440,85.94,101,76,0,0
AMBOS,0.1,64,512,952,440,85.94,94,71,0,0
AMBOS,0.1,64,512,952,440,85.94,107,71,0,0
AMBOS,0.1,64,512,952,440,85.94,84,62,0,0
AMBOS,0.1,64,512,952,440,85.94,100,68,0,0
AMBOS,0.1,64,512,952,440,85.94,98,71,0,0
AMBOS,0.1,64,512,952,440,85.94,91,68,0,0
AMBOS,0.1,64,512,952,440,85.94,89,70,0,0
AMBOS,0.1,64,512,952,440,85.94,113,81,0,0
AMBOS,0.1,64,512,952,440,85.94,95,70,0,0
AMBOS,0.1,64,512,952,440,85.94,106,73,0,0
AMBOS,0.1,64,512,952,440,85.94,94,68,0,0
AMBOS,0.1,64,512,952,440,85.94,90,70,0,0
AMBOS,0.1,64,512,952,440,85.94,79,62,0,0
AMBOS,0.1,64,512,952,440,85.94,108,82,0,0
AMBOS,0.1,64,512,952,440,85.94,109,77,0,0
AMBOS,0.1,64,512,952,440,85.94,100,79,0,0
AMBOS,0.1,64,512,952,440,85.94,113,80,0,0
AMBOS,0.1,64,512,952,440,85.94,98,70,0,0
AMBOS,0.1,64,512,952,440,85.94,109,74,0,0
AMBOS,0.1,64,512,952,440,85.94,106,80,0,0
AMBOS,0.1,64,512,952,440,85.94,102,73,0,0
AMBOS,0.1,64,512,952,440,85.94,92,66,0,0
AMBOS,0.1,64,512,952,440,85.94,100,70,0,0
AMBOS,0.1,64,512,952,440,85.94,103,73,0,0
AMBOS,0.1,64,512,952,440,85.94,89,64,0,0
AMBOS,0.1,64,512,952,440,85.94,105,77,0,0
AMBOS,0.1,64,512,952,440,85.94,96,69,0,0
AMBOS,0.1,64,512,952,440,85.94,86,64,0,0
AMBOS,0.1,64,512,952,440,85.94,100,75,0,0
AMBOS,0.1,64,512,952,440,85.94,105,73,0,0
AMBOS,0.1,64,512,952,440,85.94,100,77,0,0
AMBOS,0.1,64,512,952,440,85.94,94,71,0,0
AMBOS,0.1,64,512,952,440,85.94,78,64,0,0
AMBOS,0.1,64,512,952,440,85.94,85,64,0,0
AMBOS,0.1,64,512,952,440,85.94,97,75,0,0
AMBOS,0.1,64,512,952,440,85.94,96,74,0,0
AMBOS,0.1,128,1024,1848,824,80.47,179,130,0,0
AMBOS,0.1,128,1024,1848,824,80.47,187,136,0,0
AMBOS,0.1,128,1024,1848,824,80.47,188,135,0,0
AMBOS,0.1,128,1024,1848,824,80.47,167,128,0,0
AMBOS,0.1,128,1024,1848,824,80.47,194,141,0,0
AMBOS,0.1,128,1024,1848,824,80.47,196,130,0,0
AMBOS,0.1,128,1024,1848,824,80.47,181,131,0,0
AMBOS,0.1,128,1024,1848,824,80.47,218,153,0,0
AMBOS,0.1,128,1024,1848,824,80.47,194,139,0,0
AMBOS,0.1,128,1024,1848,824,80.47,186,142,0,0
AMBOS,0.1,128,1024,1848,824,80.47,172,127,0,0
AMBOS,0.1,128,1024,1848,824,80.47,194,141,0,0
AMBOS,0.1,128,1024,1848,824,80.47,190,137,0,0
AMBOS,0.1,128,1024,1848,824,80.47,162,130,0,0
AMBOS,0.1,128,1024,1848,824,80.47,205,151,0,0
AMBOS,0.1,128,1024,1848,824,80.47,184,134,0,0
AMBOS,0.1,128,1024,1848,824,80.47,168,126,0,0
AMBOS,0.1,128,1024,1848,824,80.47,181,144,0,0
AMBOS,0.1,128,1024,1848,824,80.47,203,144,0,0
AMBOS,0.1,128,1024,1848,824,80.47,203,147,0,0
AMBOS,0.1,128,1024,1848,824,80.47,196,142,0,0
AMBOS,0.1,128,1024,1848,824,80.47,177,137,0,0
AMBOS,0.1,128,1024,1848,824,80.47,199,142,0,0
AMBOS,0.1,128,1024,1848,824,80.47,194,147,0,0
AMBOS,0.1,128,1024,1848,824,80.47,195,141,0,0
AMBOS,0.1,128,1024,1848,824,80.47,192,132,0,0
AMBOS,0.1,128,1024,1848,824,80.47,181,140,0,0
AMBOS,0.1,128,1024,1848,824,80.47,218,142,0,0
AMBOS,0.1,128,1024,1848,824,80.47,176,125,0,0
AMBOS,0.1,128,1024,1848,824,80.47,191,131,0,0
AMBOS,0.1,128,1024,1848,824,80.47,201,147,0,0
AMBOS,0.1,128,1024,1848,824,80.47,160,120,0,0
AMBOS,0.1,128,1024,1848,824,80.47,190,137,0,0
AMBOS,0.1,128,1024,1848,824,80.47,193,133,0,0
AMBOS,0.1,128,1024,1848,824,80.47,184,139,0,0
AMBOS,0.1,128,1024,1848,824,80.47,180,134,0,0
AMBOS,0.1,128,1024,1848,824,80.47,176,124,0,0
AMBOS,0.1,128,1024,1848,824,80.47,187,139,0,0
AMBOS,0.1,128,1024,1848,824,80.47,173,130,0,0
AMBOS,0.1,128,1024,1848,824,80.47,178,127,0,0
AMBOS,0.03,4,32,112,80,250.0,4,4,1,1
